/*******************************************************************************
 * Size: 48 px
 * Bpp: 1
 * Opts: --font /Users/perlennartsson/git/home-screen/tools/fonts/src/Montserrat-SemiBold.ttf --size 48 --bpp 1 --no-kerning -r 0x20-0x7E,0xA0-0xFF --format lvgl --lv-font-name lv_font_hs_semibold_48 --lv-include lvgl.h -o /Users/perlennartsson/git/home-screen/firmware/src/fonts/lv_font_hs_semibold_48.c
 ******************************************************************************/

#ifdef LV_LVGL_H_INCLUDE_SIMPLE
#include "lvgl.h"
#else
#include "lvgl.h"
#endif

#ifndef LV_FONT_HS_SEMIBOLD_48
#define LV_FONT_HS_SEMIBOLD_48 1
#endif

#if LV_FONT_HS_SEMIBOLD_48

/*-----------------
 *    BITMAPS
 *----------------*/

/*Store the image of the glyphs*/
static LV_ATTRIBUTE_LARGE_CONST const uint8_t glyph_bitmap[] = {
    /* U+0020 " " */
    0x0,

    /* U+0021 "!" */
    0xff, 0xff, 0xff, 0x7f, 0x7f, 0x7e, 0x7e, 0x7e,
    0x7e, 0x7e, 0x7e, 0x7e, 0x7e, 0x7e, 0x7e, 0x7e,
    0x7e, 0x7e, 0x7e, 0x7e, 0x7e, 0x3e, 0x0, 0x0,
    0x0, 0x0, 0x0, 0x3c, 0x7e, 0xff, 0xff, 0xff,
    0x7e, 0x3c,

    /* U+0022 "\"" */
    0xf8, 0x7f, 0xe1, 0xff, 0x87, 0xfe, 0x1f, 0xf8,
    0x7f, 0xe1, 0xff, 0x87, 0xfe, 0x1f, 0xf8, 0x7f,
    0xe1, 0xff, 0x87, 0xfe, 0x1f, 0xf8, 0x7c,

    /* U+0023 "#" */
    0x0, 0x3c, 0x3, 0xc0, 0x0, 0x3c, 0x3, 0xc0,
    0x0, 0x7c, 0x3, 0xc0, 0x0, 0x7c, 0x3, 0xc0,
    0x0, 0x7c, 0x7, 0xc0, 0x0, 0x78, 0x7, 0xc0,
    0x0, 0x78, 0x7, 0x80, 0x0, 0x78, 0x7, 0x80,
    0x3f, 0xff, 0xff, 0xff, 0x3f, 0xff, 0xff, 0xff,
    0x3f, 0xff, 0xff, 0xff, 0x3f, 0xff, 0xff, 0xff,
    0x3f, 0xff, 0xff, 0xff, 0x0, 0xf8, 0xf, 0x80,
    0x0, 0xf0, 0xf, 0x80, 0x0, 0xf0, 0xf, 0x0,
    0x0, 0xf0, 0xf, 0x0, 0x0, 0xf0, 0xf, 0x0,
    0x0, 0xf0, 0xf, 0x0, 0x1, 0xf0, 0xf, 0x0,
    0x1, 0xf0, 0x1f, 0x0, 0xff, 0xff, 0xff, 0xfc,
    0xff, 0xff, 0xff, 0xfc, 0xff, 0xff, 0xff, 0xfc,
    0xff, 0xff, 0xff, 0xfc, 0xff, 0xff, 0xff, 0xfc,
    0x1, 0xe0, 0x1e, 0x0, 0x1, 0xe0, 0x1e, 0x0,
    0x3, 0xe0, 0x1e, 0x0, 0x3, 0xe0, 0x3e, 0x0,
    0x3, 0xc0, 0x3e, 0x0, 0x3, 0xc0, 0x3e, 0x0,
    0x3, 0xc0, 0x3c, 0x0, 0x3, 0xc0, 0x3c, 0x0,

    /* U+0024 "$" */
    0x0, 0xf, 0x0, 0x0, 0x1, 0xe0, 0x0, 0x0,
    0x3c, 0x0, 0x0, 0x7, 0x80, 0x0, 0x0, 0xf0,
    0x0, 0x0, 0x1e, 0x0, 0x0, 0x1f, 0xfc, 0x0,
    0x1f, 0xff, 0xf0, 0x7, 0xff, 0xff, 0x81, 0xff,
    0xff, 0xf0, 0x7f, 0xff, 0xfe, 0x1f, 0xf7, 0x9f,
    0xc3, 0xf8, 0xf0, 0x70, 0xfe, 0x1e, 0x2, 0x1f,
    0x83, 0xc0, 0x3, 0xf0, 0x78, 0x0, 0x7e, 0xf,
    0x0, 0xf, 0xe1, 0xe0, 0x1, 0xfe, 0x3c, 0x0,
    0x1f, 0xf7, 0x80, 0x3, 0xff, 0xf0, 0x0, 0x3f,
    0xff, 0xc0, 0x3, 0xff, 0xff, 0x0, 0x1f, 0xff,
    0xf8, 0x0, 0x7f, 0xff, 0x80, 0x1, 0xff, 0xf8,
    0x0, 0x3f, 0xff, 0x0, 0x7, 0x8f, 0xf0, 0x0,
    0xf0, 0xfe, 0x0, 0x1e, 0xf, 0xc0, 0x3, 0xc1,
    0xf9, 0x0, 0x78, 0x3f, 0x30, 0xf, 0xf, 0xef,
    0x81, 0xe1, 0xf9, 0xfe, 0x3c, 0xff, 0x3f, 0xff,
    0xff, 0xc7, 0xff, 0xff, 0xf8, 0x7f, 0xff, 0xfc,
    0x3, 0xff, 0xff, 0x0, 0xf, 0xff, 0x0, 0x0,
    0xf, 0x0, 0x0, 0x1, 0xe0, 0x0, 0x0, 0x3c,
    0x0, 0x0, 0x7, 0x80, 0x0, 0x0, 0xf0, 0x0,

    /* U+0025 "%" */
    0x7, 0xe0, 0x0, 0xf, 0x0, 0x7f, 0xe0, 0x0,
    0x7c, 0x3, 0xff, 0xc0, 0x3, 0xe0, 0x1f, 0xf,
    0x80, 0xf, 0x0, 0x78, 0x1e, 0x0, 0x7c, 0x3,
    0xe0, 0x78, 0x3, 0xe0, 0xf, 0x0, 0xf0, 0xf,
    0x0, 0x3c, 0x3, 0xc0, 0x7c, 0x0, 0xf0, 0xf,
    0x3, 0xe0, 0x3, 0xc0, 0x3c, 0xf, 0x0, 0xf,
    0x0, 0xf0, 0x7c, 0x0, 0x3c, 0x3, 0xc3, 0xe0,
    0x0, 0xf8, 0x1e, 0xf, 0x0, 0x1, 0xe0, 0x78,
    0x7c, 0x0, 0x7, 0xc3, 0xe3, 0xe0, 0x0, 0xf,
    0xff, 0xf, 0x0, 0x0, 0x1f, 0xf8, 0x7c, 0x1f,
    0x80, 0x1f, 0x83, 0xe1, 0xff, 0x80, 0x0, 0xf,
    0xf, 0xff, 0x0, 0x0, 0x7c, 0x7c, 0x3e, 0x0,
    0x3, 0xe1, 0xe0, 0x78, 0x0, 0xf, 0xf, 0x81,
    0xe0, 0x0, 0x7c, 0x3c, 0x3, 0xc0, 0x3, 0xe0,
    0xf0, 0xf, 0x0, 0xf, 0x3, 0xc0, 0x3c, 0x0,
    0x7c, 0xf, 0x0, 0xf0, 0x3, 0xe0, 0x3c, 0x3,
    0xc0, 0xf, 0x0, 0xf0, 0xf, 0x0, 0x7c, 0x3,
    0xe0, 0x7c, 0x3, 0xe0, 0x7, 0x81, 0xe0, 0xf,
    0x0, 0x1f, 0xf, 0x80, 0x7c, 0x0, 0x3f, 0xfc,
    0x3, 0xe0, 0x0, 0x7f, 0xe0, 0xf, 0x0, 0x0,
    0x7e, 0x0,

    /* U+0026 "&" */
    0x0, 0x3f, 0xc0, 0x0, 0x1, 0xff, 0xe0, 0x0,
    0xf, 0xff, 0xe0, 0x0, 0x3f, 0xff, 0xe0, 0x0,
    0x7f, 0xff, 0xc0, 0x1, 0xfe, 0x1f, 0xc0, 0x3,
    0xf8, 0xf, 0x80, 0x7, 0xe0, 0x1f, 0x0, 0xf,
    0xc0, 0x3e, 0x0, 0x1f, 0x80, 0x7c, 0x0, 0x3f,
    0x1, 0xf0, 0x0, 0x3f, 0x7, 0xe0, 0x0, 0x7f,
    0x1f, 0x80, 0x0, 0x7f, 0xfe, 0x0, 0x0, 0x7f,
    0xf8, 0x0, 0x0, 0x7f, 0xc0, 0x0, 0x3, 0xff,
    0x80, 0x0, 0xf, 0xff, 0x80, 0x80, 0x7f, 0xff,
    0x81, 0xe1, 0xfe, 0x3f, 0x83, 0xe3, 0xf0, 0x3f,
    0x8f, 0xcf, 0xc0, 0x3f, 0x9f, 0x3f, 0x0, 0x3f,
    0xbe, 0x7e, 0x0, 0x3f, 0xfc, 0xfc, 0x0, 0x3f,
    0xf1, 0xf8, 0x0, 0x3f, 0xe3, 0xf8, 0x0, 0x3f,
    0x87, 0xf8, 0x0, 0xff, 0xc7, 0xfc, 0x7, 0xff,
    0xcf, 0xff, 0xff, 0xff, 0xcf, 0xff, 0xff, 0xbf,
    0x8f, 0xff, 0xfe, 0x3e, 0x7, 0xff, 0xf0, 0x38,
    0x1, 0xff, 0x0, 0x20,

    /* U+0027 "'" */
    0xff, 0xff, 0xff, 0xff, 0xff, 0xff, 0xff, 0xff,
    0x80,

    /* U+0028 "(" */
    0x3, 0xe0, 0x7e, 0xf, 0xc0, 0xfc, 0x1f, 0x81,
    0xf8, 0x1f, 0x83, 0xf0, 0x3f, 0x3, 0xf0, 0x7e,
    0x7, 0xe0, 0x7e, 0x7, 0xe0, 0x7e, 0xf, 0xc0,
    0xfc, 0xf, 0xc0, 0xfc, 0xf, 0xc0, 0xfc, 0xf,
    0xc0, 0xfc, 0xf, 0xc0, 0xfc, 0xf, 0xc0, 0xfc,
    0xf, 0xc0, 0xfc, 0xf, 0xc0, 0x7e, 0x7, 0xe0,
    0x7e, 0x7, 0xe0, 0x7e, 0x3, 0xf0, 0x3f, 0x3,
    0xf0, 0x1f, 0x81, 0xf8, 0x1f, 0x80, 0xfc, 0xf,
    0xc0, 0x7e, 0x3, 0xe0,

    /* U+0029 ")" */
    0x7c, 0x7, 0xe0, 0x3e, 0x3, 0xf0, 0x3f, 0x1,
    0xf8, 0x1f, 0x80, 0xfc, 0xf, 0xc0, 0xfc, 0x7,
    0xe0, 0x7e, 0x7, 0xe0, 0x7e, 0x7, 0xe0, 0x3f,
    0x3, 0xf0, 0x3f, 0x3, 0xf0, 0x3f, 0x3, 0xf0,
    0x3f, 0x3, 0xf0, 0x3f, 0x3, 0xf0, 0x3f, 0x3,
    0xf0, 0x3f, 0x3, 0xf0, 0x3f, 0x7, 0xe0, 0x7e,
    0x7, 0xe0, 0x7e, 0x7, 0xe0, 0xfc, 0xf, 0xc0,
    0xfc, 0x1f, 0x81, 0xf8, 0x3f, 0x3, 0xf0, 0x3f,
    0x7, 0xe0, 0x7c, 0x0,

    /* U+002A "*" */
    0x1, 0xe0, 0x0, 0x78, 0x0, 0x1e, 0x1, 0x87,
    0x86, 0x71, 0xe3, 0xff, 0x7b, 0xff, 0xff, 0xfc,
    0xff, 0xfc, 0xf, 0xfc, 0x3, 0xff, 0x3, 0xff,
    0xf3, 0xff, 0xff, 0xfd, 0xef, 0xdc, 0x78, 0xf6,
    0x1e, 0x18, 0x7, 0x80, 0x1, 0xe0, 0x0, 0x78,
    0x0,

    /* U+002B "+" */
    0x0, 0x7c, 0x0, 0x1, 0xf0, 0x0, 0x7, 0xc0,
    0x0, 0x1f, 0x0, 0x0, 0x7c, 0x0, 0x1, 0xf0,
    0x0, 0x7, 0xc0, 0x0, 0x1f, 0x0, 0xff, 0xff,
    0xff, 0xff, 0xff, 0xff, 0xff, 0xff, 0xff, 0xff,
    0xff, 0xff, 0xff, 0xfc, 0x1, 0xf0, 0x0, 0x7,
    0xc0, 0x0, 0x1f, 0x0, 0x0, 0x7c, 0x0, 0x1,
    0xf0, 0x0, 0x7, 0xc0, 0x0, 0x1f, 0x0, 0x0,
    0x7c, 0x0,

    /* U+002C "," */
    0x3c, 0x7e, 0xff, 0xff, 0xff, 0xff, 0x7f, 0x3e,
    0x3e, 0x3c, 0x3c, 0x7c, 0x78, 0x78, 0xf8,

    /* U+002D "-" */
    0xff, 0xff, 0xff, 0xff, 0xff, 0xff, 0xff, 0xff,
    0x80,

    /* U+002E "." */
    0x3c, 0x7e, 0xff, 0xff, 0xff, 0xff, 0x7e, 0x3c,

    /* U+002F "/" */
    0x0, 0x1, 0xf8, 0x0, 0xf, 0x80, 0x0, 0x7c,
    0x0, 0x7, 0xe0, 0x0, 0x3e, 0x0, 0x1, 0xf0,
    0x0, 0x1f, 0x80, 0x0, 0xf8, 0x0, 0x7, 0xc0,
    0x0, 0x7e, 0x0, 0x3, 0xe0, 0x0, 0x1f, 0x0,
    0x1, 0xf8, 0x0, 0xf, 0x80, 0x0, 0x7c, 0x0,
    0x7, 0xe0, 0x0, 0x3e, 0x0, 0x3, 0xf0, 0x0,
    0x1f, 0x80, 0x0, 0xf8, 0x0, 0xf, 0xc0, 0x0,
    0x7c, 0x0, 0x3, 0xe0, 0x0, 0x3f, 0x0, 0x1,
    0xf0, 0x0, 0xf, 0x80, 0x0, 0xfc, 0x0, 0x7,
    0xc0, 0x0, 0x3e, 0x0, 0x3, 0xf0, 0x0, 0x1f,
    0x0, 0x0, 0xf8, 0x0, 0xf, 0xc0, 0x0, 0x7c,
    0x0, 0x3, 0xe0, 0x0, 0x3f, 0x0, 0x1, 0xf0,
    0x0, 0xf, 0x80, 0x0, 0xfc, 0x0, 0x7, 0xc0,
    0x0, 0x7e, 0x0, 0x3, 0xf0, 0x0, 0x1f, 0x0,
    0x1, 0xf8, 0x0, 0xf, 0x80, 0x0, 0x7c, 0x0,
    0x0,

    /* U+0030 "0" */
    0x0, 0x3f, 0xc0, 0x0, 0xf, 0xff, 0x0, 0x3,
    0xff, 0xfc, 0x0, 0x7f, 0xff, 0xe0, 0xf, 0xff,
    0xff, 0x1, 0xfe, 0x7, 0xf8, 0x1f, 0xc0, 0x3f,
    0x83, 0xf8, 0x1, 0xfc, 0x7f, 0x0, 0xf, 0xc7,
    0xe0, 0x0, 0x7e, 0x7e, 0x0, 0x7, 0xe7, 0xe0,
    0x0, 0x7e, 0xfc, 0x0, 0x3, 0xff, 0xc0, 0x0,
    0x3f, 0xfc, 0x0, 0x3, 0xff, 0xc0, 0x0, 0x3f,
    0xfc, 0x0, 0x3, 0xff, 0xc0, 0x0, 0x3f, 0xfc,
    0x0, 0x3, 0xff, 0xc0, 0x0, 0x3f, 0xfc, 0x0,
    0x3, 0xff, 0xc0, 0x0, 0x3f, 0x7e, 0x0, 0x7,
    0xe7, 0xe0, 0x0, 0x7e, 0x7e, 0x0, 0x7, 0xe7,
    0xf0, 0x0, 0xfc, 0x3f, 0x80, 0x1f, 0xc3, 0xfc,
    0x3, 0xfc, 0x1f, 0xe0, 0x7f, 0x80, 0xff, 0xff,
    0xf0, 0x7, 0xff, 0xfe, 0x0, 0x3f, 0xff, 0xc0,
    0x0, 0xff, 0xf0, 0x0, 0x3, 0xfc, 0x0,

    /* U+0031 "1" */
    0xff, 0xff, 0xff, 0xff, 0xff, 0xff, 0xff, 0xff,
    0x80, 0xfc, 0x7, 0xe0, 0x3f, 0x1, 0xf8, 0xf,
    0xc0, 0x7e, 0x3, 0xf0, 0x1f, 0x80, 0xfc, 0x7,
    0xe0, 0x3f, 0x1, 0xf8, 0xf, 0xc0, 0x7e, 0x3,
    0xf0, 0x1f, 0x80, 0xfc, 0x7, 0xe0, 0x3f, 0x1,
    0xf8, 0xf, 0xc0, 0x7e, 0x3, 0xf0, 0x1f, 0x80,
    0xfc, 0x7, 0xe0, 0x3f, 0x1, 0xf8, 0xf, 0xc0,

    /* U+0032 "2" */
    0x0, 0xff, 0x0, 0x1, 0xff, 0xf8, 0x1, 0xff,
    0xff, 0x81, 0xff, 0xff, 0xf0, 0xff, 0xff, 0xfc,
    0x3f, 0xc0, 0x7f, 0x87, 0xc0, 0x7, 0xe0, 0x60,
    0x1, 0xfc, 0x0, 0x0, 0x3f, 0x0, 0x0, 0xf,
    0xc0, 0x0, 0x3, 0xf0, 0x0, 0x0, 0xfc, 0x0,
    0x0, 0x3f, 0x0, 0x0, 0x1f, 0x80, 0x0, 0xf,
    0xe0, 0x0, 0x3, 0xf8, 0x0, 0x1, 0xfc, 0x0,
    0x0, 0xfe, 0x0, 0x0, 0x7f, 0x0, 0x0, 0x3f,
    0x80, 0x0, 0x1f, 0xc0, 0x0, 0xf, 0xe0, 0x0,
    0x7, 0xf0, 0x0, 0x3, 0xf8, 0x0, 0x1, 0xfc,
    0x0, 0x0, 0xfe, 0x0, 0x0, 0x7f, 0x0, 0x0,
    0x3f, 0x80, 0x0, 0x1f, 0xc0, 0x0, 0xf, 0xff,
    0xff, 0xf7, 0xff, 0xff, 0xfd, 0xff, 0xff, 0xff,
    0x7f, 0xff, 0xff, 0xdf, 0xff, 0xff, 0xf0,

    /* U+0033 "3" */
    0x3f, 0xff, 0xff, 0x8f, 0xff, 0xff, 0xe3, 0xff,
    0xff, 0xf8, 0xff, 0xff, 0xfe, 0x3f, 0xff, 0xff,
    0x80, 0x0, 0x1f, 0xc0, 0x0, 0xf, 0xe0, 0x0,
    0x7, 0xf0, 0x0, 0x3, 0xf8, 0x0, 0x0, 0xfc,
    0x0, 0x0, 0x7f, 0x0, 0x0, 0x3f, 0x80, 0x0,
    0x1f, 0xc0, 0x0, 0xf, 0xe0, 0x0, 0x3, 0xff,
    0x0, 0x0, 0xff, 0xf0, 0x0, 0x3f, 0xfe, 0x0,
    0xf, 0xff, 0xc0, 0x3, 0xff, 0xf8, 0x0, 0x1,
    0xfe, 0x0, 0x0, 0x1f, 0xc0, 0x0, 0x7, 0xf0,
    0x0, 0x0, 0xfc, 0x0, 0x0, 0x3f, 0x0, 0x0,
    0xf, 0xc0, 0x0, 0x3, 0xf1, 0x0, 0x1, 0xfc,
    0xf0, 0x0, 0xfe, 0x7f, 0x80, 0xff, 0x9f, 0xff,
    0xff, 0xcf, 0xff, 0xff, 0xe0, 0xff, 0xff, 0xf0,
    0xf, 0xff, 0xf0, 0x0, 0x3f, 0xe0, 0x0,

    /* U+0034 "4" */
    0x0, 0x0, 0xfe, 0x0, 0x0, 0x3, 0xf8, 0x0,
    0x0, 0x1f, 0xc0, 0x0, 0x0, 0xfe, 0x0, 0x0,
    0x7, 0xf0, 0x0, 0x0, 0x1f, 0xc0, 0x0, 0x0,
    0xfe, 0x0, 0x0, 0x7, 0xf0, 0x0, 0x0, 0x3f,
    0x80, 0x0, 0x0, 0xfe, 0x0, 0x0, 0x7, 0xf0,
    0x0, 0x0, 0x3f, 0x80, 0x0, 0x1, 0xfc, 0x0,
    0x0, 0xf, 0xe0, 0x0, 0x0, 0x3f, 0x81, 0xf8,
    0x1, 0xfc, 0x7, 0xe0, 0xf, 0xe0, 0x1f, 0x80,
    0x7f, 0x0, 0x7e, 0x1, 0xfc, 0x1, 0xf8, 0xf,
    0xe0, 0x7, 0xe0, 0x7f, 0x0, 0x1f, 0x83, 0xff,
    0xff, 0xff, 0xff, 0xff, 0xff, 0xff, 0xff, 0xff,
    0xff, 0xff, 0xff, 0xff, 0xff, 0xff, 0xff, 0xff,
    0xff, 0xf0, 0x0, 0x1, 0xf8, 0x0, 0x0, 0x7,
    0xe0, 0x0, 0x0, 0x1f, 0x80, 0x0, 0x0, 0x7e,
    0x0, 0x0, 0x1, 0xf8, 0x0, 0x0, 0x7, 0xe0,
    0x0, 0x0, 0x1f, 0x80, 0x0, 0x0, 0x7e, 0x0,

    /* U+0035 "5" */
    0x7, 0xff, 0xff, 0x3, 0xff, 0xff, 0xc0, 0xff,
    0xff, 0xf0, 0x3f, 0xff, 0xfc, 0xf, 0xff, 0xff,
    0x3, 0xf0, 0x0, 0x0, 0xfc, 0x0, 0x0, 0x3f,
    0x0, 0x0, 0xf, 0xc0, 0x0, 0x3, 0xe0, 0x0,
    0x0, 0xf8, 0x0, 0x0, 0x7e, 0x0, 0x0, 0x1f,
    0x80, 0x0, 0x7, 0xff, 0xe0, 0x1, 0xff, 0xff,
    0x80, 0x7f, 0xff, 0xf0, 0x1f, 0xff, 0xfe, 0x7,
    0xff, 0xff, 0xc0, 0x0, 0xf, 0xf8, 0x0, 0x0,
    0xfe, 0x0, 0x0, 0x1f, 0xc0, 0x0, 0x3, 0xf0,
    0x0, 0x0, 0xfc, 0x0, 0x0, 0x3f, 0x0, 0x0,
    0xf, 0xc0, 0x0, 0x3, 0xf3, 0x0, 0x1, 0xf8,
    0xf0, 0x0, 0xfe, 0x7f, 0x80, 0xff, 0x9f, 0xff,
    0xff, 0xcf, 0xff, 0xff, 0xe0, 0xff, 0xff, 0xf0,
    0xf, 0xff, 0xf0, 0x0, 0x3f, 0xe0, 0x0,

    /* U+0036 "6" */
    0x0, 0xf, 0xf8, 0x0, 0xf, 0xff, 0xe0, 0x7,
    0xff, 0xfe, 0x1, 0xff, 0xff, 0xc0, 0x7f, 0xff,
    0xf0, 0x1f, 0xf0, 0xe, 0x7, 0xf8, 0x0, 0x1,
    0xfc, 0x0, 0x0, 0x3f, 0x0, 0x0, 0xf, 0xe0,
    0x0, 0x1, 0xf8, 0x0, 0x0, 0x3f, 0x0, 0x0,
    0xf, 0xc0, 0x0, 0x1, 0xf8, 0x3f, 0xc0, 0x3f,
    0x1f, 0xff, 0x7, 0xef, 0xff, 0xf0, 0xff, 0xff,
    0xff, 0x1f, 0xff, 0xff, 0xf3, 0xff, 0x81, 0xff,
    0x7f, 0xc0, 0xf, 0xef, 0xf0, 0x0, 0xff, 0xfc,
    0x0, 0xf, 0xff, 0x80, 0x1, 0xfb, 0xf0, 0x0,
    0x3f, 0x7e, 0x0, 0x7, 0xef, 0xc0, 0x0, 0xfc,
    0xfc, 0x0, 0x3f, 0x9f, 0xc0, 0xf, 0xe1, 0xfe,
    0x7, 0xfc, 0x1f, 0xff, 0xff, 0x1, 0xff, 0xff,
    0xc0, 0x1f, 0xff, 0xf0, 0x1, 0xff, 0xf8, 0x0,
    0x7, 0xf8, 0x0,

    /* U+0037 "7" */
    0xff, 0xff, 0xff, 0xff, 0xff, 0xff, 0xff, 0xff,
    0xff, 0xff, 0xff, 0xff, 0xff, 0xff, 0xff, 0xff,
    0xff, 0x0, 0x7, 0xef, 0xc0, 0x3, 0xfb, 0xf0,
    0x0, 0xfc, 0xfc, 0x0, 0x3f, 0x3f, 0x0, 0x1f,
    0xcf, 0xc0, 0x7, 0xe0, 0x0, 0x3, 0xf8, 0x0,
    0x0, 0xfc, 0x0, 0x0, 0x7f, 0x0, 0x0, 0x1f,
    0xc0, 0x0, 0x7, 0xe0, 0x0, 0x3, 0xf8, 0x0,
    0x0, 0xfc, 0x0, 0x0, 0x7f, 0x0, 0x0, 0x1f,
    0x80, 0x0, 0xf, 0xe0, 0x0, 0x3, 0xf8, 0x0,
    0x0, 0xfc, 0x0, 0x0, 0x7f, 0x0, 0x0, 0x1f,
    0x80, 0x0, 0xf, 0xe0, 0x0, 0x3, 0xf0, 0x0,
    0x1, 0xfc, 0x0, 0x0, 0x7f, 0x0, 0x0, 0x3f,
    0x80, 0x0, 0xf, 0xe0, 0x0, 0x3, 0xf0, 0x0,
    0x1, 0xfc, 0x0, 0x0, 0x7e, 0x0, 0x0,

    /* U+0038 "8" */
    0x0, 0x7f, 0xc0, 0x0, 0x7f, 0xff, 0x0, 0x3f,
    0xff, 0xf8, 0xf, 0xff, 0xff, 0x83, 0xff, 0xff,
    0xf8, 0x7f, 0x80, 0xff, 0x1f, 0xc0, 0x7, 0xf3,
    0xf8, 0x0, 0xfe, 0x7e, 0x0, 0xf, 0xcf, 0xc0,
    0x1, 0xf9, 0xf8, 0x0, 0x3f, 0x3f, 0x80, 0xf,
    0xe3, 0xf0, 0x1, 0xf8, 0x7f, 0x80, 0xff, 0x7,
    0xff, 0xff, 0xc0, 0x7f, 0xff, 0xf0, 0x7, 0xff,
    0xfc, 0x3, 0xff, 0xff, 0xe0, 0xff, 0xff, 0xfe,
    0x3f, 0xe0, 0x3f, 0xe7, 0xf0, 0x1, 0xfd, 0xfc,
    0x0, 0x1f, 0xff, 0x0, 0x1, 0xff, 0xe0, 0x0,
    0x3f, 0xfc, 0x0, 0x7, 0xff, 0x80, 0x0, 0xff,
    0xf8, 0x0, 0x3f, 0xbf, 0x80, 0xf, 0xe7, 0xfc,
    0x7, 0xfc, 0x7f, 0xff, 0xff, 0x7, 0xff, 0xff,
    0xc0, 0x7f, 0xff, 0xf0, 0x3, 0xff, 0xf8, 0x0,
    0x1f, 0xf8, 0x0,

    /* U+0039 "9" */
    0x0, 0xff, 0x80, 0x0, 0x7f, 0xfe, 0x0, 0x3f,
    0xff, 0xe0, 0xf, 0xff, 0xfe, 0x3, 0xff, 0xff,
    0xe0, 0xff, 0x81, 0xfe, 0x1f, 0xc0, 0xf, 0xe7,
    0xf0, 0x0, 0xfc, 0xfc, 0x0, 0xf, 0xdf, 0x80,
    0x1, 0xfb, 0xf0, 0x0, 0x3f, 0x7e, 0x0, 0x7,
    0xff, 0xc0, 0x0, 0xff, 0xfc, 0x0, 0x3f, 0xdf,
    0xc0, 0xf, 0xfb, 0xfe, 0x7, 0xff, 0x3f, 0xff,
    0xff, 0xe3, 0xff, 0xff, 0xfc, 0x3f, 0xff, 0xdf,
    0x83, 0xff, 0xe3, 0xf0, 0xf, 0xf0, 0x7e, 0x0,
    0x0, 0xf, 0xc0, 0x0, 0x3, 0xf0, 0x0, 0x0,
    0x7e, 0x0, 0x0, 0x1f, 0xc0, 0x0, 0x3, 0xf0,
    0x0, 0x0, 0xfe, 0x0, 0x0, 0x7f, 0x81, 0xc0,
    0x3f, 0xe0, 0x3f, 0xff, 0xf8, 0xf, 0xff, 0xfe,
    0x1, 0xff, 0xff, 0x80, 0x1f, 0xff, 0xc0, 0x0,
    0xff, 0xc0, 0x0,

    /* U+003A ":" */
    0x3c, 0x7e, 0xff, 0xff, 0xff, 0xff, 0x7e, 0x3c,
    0x0, 0x0, 0x0, 0x0, 0x0, 0x0, 0x0, 0x0,
    0x0, 0x0, 0x3c, 0x7e, 0xff, 0xff, 0xff, 0xff,
    0x7e, 0x3c,

    /* U+003B ";" */
    0x3c, 0x7e, 0xff, 0xff, 0xff, 0xff, 0x7e, 0x3c,
    0x0, 0x0, 0x0, 0x0, 0x0, 0x0, 0x0, 0x0,
    0x0, 0x0, 0x3c, 0x7e, 0xff, 0xff, 0xff, 0xff,
    0x7f, 0x3e, 0x3e, 0x3c, 0x3c, 0x7c, 0x78, 0x78,
    0x78,

    /* U+003C "<" */
    0x0, 0x0, 0x4, 0x0, 0x0, 0xf0, 0x0, 0x1f,
    0xc0, 0x1, 0xff, 0x0, 0x3f, 0xfc, 0x3, 0xff,
    0xe0, 0x7f, 0xfc, 0x7, 0xff, 0x80, 0xff, 0xf8,
    0x3, 0xff, 0x0, 0xf, 0xe0, 0x0, 0x3f, 0x0,
    0x0, 0xff, 0x80, 0x3, 0xff, 0xc0, 0x3, 0xff,
    0xc0, 0x3, 0xff, 0xe0, 0x1, 0xff, 0xf0, 0x0,
    0xff, 0xf0, 0x0, 0xff, 0xc0, 0x0, 0x7f, 0x0,
    0x0, 0x7c, 0x0, 0x0, 0x30,

    /* U+003D "=" */
    0xff, 0xff, 0xff, 0xff, 0xff, 0xff, 0xff, 0xff,
    0xff, 0xff, 0xff, 0xff, 0xff, 0xfc, 0x0, 0x0,
    0x0, 0x0, 0x0, 0x0, 0x0, 0x0, 0x0, 0x0,
    0x0, 0x0, 0x0, 0x0, 0x0, 0x0, 0x0, 0x0,
    0x0, 0xff, 0xff, 0xff, 0xff, 0xff, 0xff, 0xff,
    0xff, 0xff, 0xff, 0xff, 0xff, 0xff, 0xfc,

    /* U+003E ">" */
    0x80, 0x0, 0x3, 0xc0, 0x0, 0xf, 0xe0, 0x0,
    0x3f, 0xe0, 0x0, 0xff, 0xf0, 0x1, 0xff, 0xf0,
    0x0, 0xff, 0xf8, 0x0, 0x7f, 0xf8, 0x0, 0x7f,
    0xfc, 0x0, 0x3f, 0xf0, 0x0, 0x1f, 0xc0, 0x0,
    0x3f, 0x0, 0x7, 0xfc, 0x0, 0xff, 0xf0, 0xf,
    0xff, 0x1, 0xff, 0xf0, 0x3f, 0xfe, 0x3, 0xff,
    0xc0, 0xf, 0xfc, 0x0, 0x3f, 0x80, 0x0, 0xf8,
    0x0, 0x3, 0x0, 0x0, 0x0,

    /* U+003F "?" */
    0x0, 0x7f, 0xc0, 0x1, 0xff, 0xf8, 0x3, 0xff,
    0xff, 0x7, 0xff, 0xff, 0xc7, 0xff, 0xff, 0xf7,
    0xfc, 0x7, 0xf8, 0xf8, 0x0, 0xfe, 0x38, 0x0,
    0x7f, 0x0, 0x0, 0x1f, 0x80, 0x0, 0xf, 0xc0,
    0x0, 0x7, 0xe0, 0x0, 0x3, 0xf0, 0x0, 0x3,
    0xf0, 0x0, 0x3, 0xf8, 0x0, 0x3, 0xf8, 0x0,
    0x3, 0xf8, 0x0, 0x3, 0xf8, 0x0, 0x3, 0xf8,
    0x0, 0x3, 0xf8, 0x0, 0x1, 0xf8, 0x0, 0x1,
    0xfc, 0x0, 0x0, 0xfc, 0x0, 0x0, 0x7e, 0x0,
    0x0, 0x0, 0x0, 0x0, 0x0, 0x0, 0x0, 0x0,
    0x0, 0x0, 0x0, 0x0, 0x0, 0x1, 0xe0, 0x0,
    0x1, 0xf8, 0x0, 0x1, 0xfe, 0x0, 0x0, 0xff,
    0x0, 0x0, 0x7f, 0x80, 0x0, 0x1f, 0x80, 0x0,
    0x7, 0x80, 0x0,

    /* U+0040 "@" */
    0x0, 0x0, 0x7f, 0xf0, 0x0, 0x0, 0x0, 0x1f,
    0xff, 0xf8, 0x0, 0x0, 0x7, 0xff, 0xff, 0xf0,
    0x0, 0x0, 0x7f, 0xff, 0xff, 0xe0, 0x0, 0xf,
    0xfc, 0x1, 0xff, 0x80, 0x0, 0xfe, 0x0, 0x0,
    0xfe, 0x0, 0xf, 0xc0, 0x0, 0x1, 0xf8, 0x0,
    0xfc, 0x0, 0x0, 0x7, 0xe0, 0xf, 0xc0, 0x0,
    0x0, 0xf, 0x80, 0xf8, 0x1, 0xfc, 0x3f, 0x3e,
    0x7, 0xc0, 0x3f, 0xf9, 0xf8, 0xf0, 0x7c, 0x7,
    0xff, 0xef, 0xc7, 0xc3, 0xc0, 0x7f, 0xff, 0xfe,
    0x1e, 0x3e, 0x7, 0xff, 0xff, 0xf0, 0xf9, 0xe0,
    0x3f, 0xc1, 0xff, 0x83, 0xcf, 0x3, 0xf8, 0x3,
    0xfc, 0x1e, 0xf8, 0x1f, 0x80, 0xf, 0xe0, 0x7f,
    0x81, 0xfc, 0x0, 0x7f, 0x3, 0xfc, 0xf, 0xc0,
    0x1, 0xf8, 0x1f, 0xe0, 0x7e, 0x0, 0xf, 0xc0,
    0xff, 0x3, 0xf0, 0x0, 0x7e, 0x7, 0xf8, 0x1f,
    0x80, 0x3, 0xf0, 0x3f, 0xc0, 0xfc, 0x0, 0x1f,
    0x81, 0xfe, 0x7, 0xe0, 0x0, 0xfc, 0xf, 0xf0,
    0x3f, 0x0, 0x7, 0xe0, 0x7f, 0x81, 0xfc, 0x0,
    0x7f, 0x7, 0xde, 0x7, 0xe0, 0x3, 0xf8, 0x3c,
    0xf0, 0x3f, 0x80, 0x3f, 0xc1, 0xe7, 0x80, 0xff,
    0x7, 0xff, 0x1f, 0x3e, 0x7, 0xff, 0xff, 0xff,
    0xf0, 0xf0, 0x1f, 0xff, 0xef, 0xff, 0x87, 0xc0,
    0x7f, 0xfe, 0x3f, 0xf8, 0x1f, 0x0, 0xff, 0xe1,
    0xff, 0x80, 0xf8, 0x1, 0xfc, 0x3, 0xf0, 0x3,
    0xe0, 0x0, 0x0, 0x0, 0x0, 0xf, 0xc0, 0x0,
    0x0, 0x0, 0x0, 0x3f, 0x0, 0x0, 0x0, 0x0,
    0x0, 0xfe, 0x0, 0x0, 0x80, 0x0, 0x3, 0xff,
    0x0, 0x7c, 0x0, 0x0, 0x7, 0xff, 0xff, 0xf0,
    0x0, 0x0, 0x1f, 0xff, 0xff, 0x80, 0x0, 0x0,
    0x1f, 0xff, 0xf8, 0x0, 0x0, 0x0, 0x1f, 0xfc,
    0x0, 0x0,

    /* U+0041 "A" */
    0x0, 0x1, 0xf8, 0x0, 0x0, 0x0, 0x3f, 0xc0,
    0x0, 0x0, 0x3, 0xfc, 0x0, 0x0, 0x0, 0x7f,
    0xe0, 0x0, 0x0, 0x7, 0xfe, 0x0, 0x0, 0x0,
    0xff, 0xe0, 0x0, 0x0, 0xf, 0xff, 0x0, 0x0,
    0x0, 0xfb, 0xf0, 0x0, 0x0, 0x1f, 0x9f, 0x80,
    0x0, 0x1, 0xf9, 0xf8, 0x0, 0x0, 0x3f, 0xf,
    0xc0, 0x0, 0x3, 0xf0, 0xfc, 0x0, 0x0, 0x7e,
    0x7, 0xe0, 0x0, 0x7, 0xe0, 0x7e, 0x0, 0x0,
    0xfc, 0x7, 0xf0, 0x0, 0xf, 0xc0, 0x3f, 0x0,
    0x0, 0xfc, 0x3, 0xf0, 0x0, 0x1f, 0x80, 0x1f,
    0x80, 0x1, 0xf8, 0x1, 0xf8, 0x0, 0x3f, 0x0,
    0xf, 0xc0, 0x3, 0xf0, 0x0, 0xfc, 0x0, 0x7f,
    0xff, 0xff, 0xe0, 0x7, 0xff, 0xff, 0xfe, 0x0,
    0xff, 0xff, 0xff, 0xf0, 0xf, 0xff, 0xff, 0xff,
    0x0, 0xff, 0xff, 0xff, 0xf0, 0x1f, 0x80, 0x0,
    0x1f, 0x81, 0xf8, 0x0, 0x1, 0xf8, 0x3f, 0x0,
    0x0, 0x1f, 0xc3, 0xf0, 0x0, 0x0, 0xfc, 0x7f,
    0x0, 0x0, 0xf, 0xe7, 0xe0, 0x0, 0x0, 0x7e,
    0xfe, 0x0, 0x0, 0x7, 0xff, 0xc0, 0x0, 0x0,
    0x7f,

    /* U+0042 "B" */
    0xff, 0xff, 0xf8, 0x3, 0xff, 0xff, 0xf8, 0xf,
    0xff, 0xff, 0xf8, 0x3f, 0xff, 0xff, 0xf0, 0xff,
    0xff, 0xff, 0xe3, 0xf0, 0x0, 0x7f, 0x8f, 0xc0,
    0x0, 0x7f, 0x3f, 0x0, 0x0, 0xfc, 0xfc, 0x0,
    0x3, 0xf3, 0xf0, 0x0, 0xf, 0xcf, 0xc0, 0x0,
    0x3f, 0x3f, 0x0, 0x0, 0xfc, 0xfc, 0x0, 0x7,
    0xe3, 0xf0, 0x0, 0x7f, 0x8f, 0xff, 0xff, 0xfc,
    0x3f, 0xff, 0xff, 0xe0, 0xff, 0xff, 0xff, 0x83,
    0xff, 0xff, 0xff, 0x8f, 0xff, 0xff, 0xff, 0x3f,
    0x0, 0x3, 0xfe, 0xfc, 0x0, 0x3, 0xfb, 0xf0,
    0x0, 0x7, 0xff, 0xc0, 0x0, 0xf, 0xff, 0x0,
    0x0, 0x3f, 0xfc, 0x0, 0x0, 0xff, 0xf0, 0x0,
    0x3, 0xff, 0xc0, 0x0, 0x1f, 0xff, 0x0, 0x0,
    0x7f, 0xfc, 0x0, 0xf, 0xfb, 0xff, 0xff, 0xff,
    0xef, 0xff, 0xff, 0xff, 0x3f, 0xff, 0xff, 0xf8,
    0xff, 0xff, 0xff, 0x83, 0xff, 0xff, 0xf0, 0x0,

    /* U+0043 "C" */
    0x0, 0x7, 0xfe, 0x0, 0x0, 0x7f, 0xff, 0x80,
    0x3, 0xff, 0xff, 0xc0, 0xf, 0xff, 0xff, 0xc0,
    0x7f, 0xff, 0xff, 0xc1, 0xff, 0x80, 0xff, 0xc7,
    0xfc, 0x0, 0x3f, 0xf, 0xe0, 0x0, 0x3c, 0x3f,
    0x80, 0x0, 0x30, 0x7e, 0x0, 0x0, 0x1, 0xfc,
    0x0, 0x0, 0x3, 0xf0, 0x0, 0x0, 0x7, 0xe0,
    0x0, 0x0, 0x1f, 0x80, 0x0, 0x0, 0x3f, 0x0,
    0x0, 0x0, 0x7e, 0x0, 0x0, 0x0, 0xfc, 0x0,
    0x0, 0x1, 0xf8, 0x0, 0x0, 0x3, 0xf0, 0x0,
    0x0, 0x7, 0xe0, 0x0, 0x0, 0xf, 0xc0, 0x0,
    0x0, 0xf, 0xc0, 0x0, 0x0, 0x1f, 0x80, 0x0,
    0x0, 0x3f, 0x80, 0x0, 0x0, 0x3f, 0x0, 0x0,
    0x0, 0x7f, 0x0, 0x0, 0x60, 0x7f, 0x0, 0x1,
    0xe0, 0xff, 0x80, 0x7, 0xe0, 0xff, 0xc0, 0x3f,
    0xe0, 0xff, 0xff, 0xff, 0x80, 0x7f, 0xff, 0xfe,
    0x0, 0x7f, 0xff, 0xf8, 0x0, 0x3f, 0xff, 0xc0,
    0x0, 0xf, 0xf8, 0x0,

    /* U+0044 "D" */
    0xff, 0xff, 0xf0, 0x0, 0x7f, 0xff, 0xff, 0x0,
    0x3f, 0xff, 0xff, 0xe0, 0x1f, 0xff, 0xff, 0xfc,
    0xf, 0xff, 0xff, 0xff, 0x7, 0xe0, 0x1, 0xff,
    0xc3, 0xf0, 0x0, 0x1f, 0xf1, 0xf8, 0x0, 0x3,
    0xf8, 0xfc, 0x0, 0x0, 0xfe, 0x7e, 0x0, 0x0,
    0x3f, 0x3f, 0x0, 0x0, 0x1f, 0xdf, 0x80, 0x0,
    0x7, 0xef, 0xc0, 0x0, 0x3, 0xf7, 0xe0, 0x0,
    0x0, 0xff, 0xf0, 0x0, 0x0, 0x7f, 0xf8, 0x0,
    0x0, 0x3f, 0xfc, 0x0, 0x0, 0x1f, 0xfe, 0x0,
    0x0, 0xf, 0xff, 0x0, 0x0, 0x7, 0xff, 0x80,
    0x0, 0x3, 0xff, 0xc0, 0x0, 0x1, 0xff, 0xe0,
    0x0, 0x1, 0xfb, 0xf0, 0x0, 0x0, 0xfd, 0xf8,
    0x0, 0x0, 0xfe, 0xfc, 0x0, 0x0, 0x7e, 0x7e,
    0x0, 0x0, 0x7f, 0x3f, 0x0, 0x0, 0x7f, 0x1f,
    0x80, 0x0, 0xff, 0x8f, 0xc0, 0x3, 0xff, 0x87,
    0xff, 0xff, 0xff, 0x83, 0xff, 0xff, 0xff, 0x1,
    0xff, 0xff, 0xff, 0x0, 0xff, 0xff, 0xfe, 0x0,
    0x7f, 0xff, 0xf8, 0x0, 0x0,

    /* U+0045 "E" */
    0xff, 0xff, 0xff, 0xff, 0xff, 0xff, 0xff, 0xff,
    0xff, 0xff, 0xff, 0xff, 0xff, 0xff, 0xff, 0xff,
    0xe0, 0x0, 0x3, 0xf0, 0x0, 0x1, 0xf8, 0x0,
    0x0, 0xfc, 0x0, 0x0, 0x7e, 0x0, 0x0, 0x3f,
    0x0, 0x0, 0x1f, 0x80, 0x0, 0xf, 0xc0, 0x0,
    0x7, 0xe0, 0x0, 0x3, 0xff, 0xff, 0xf9, 0xff,
    0xff, 0xfc, 0xff, 0xff, 0xfe, 0x7f, 0xff, 0xff,
    0x3f, 0xff, 0xff, 0x9f, 0x80, 0x0, 0xf, 0xc0,
    0x0, 0x7, 0xe0, 0x0, 0x3, 0xf0, 0x0, 0x1,
    0xf8, 0x0, 0x0, 0xfc, 0x0, 0x0, 0x7e, 0x0,
    0x0, 0x3f, 0x0, 0x0, 0x1f, 0x80, 0x0, 0xf,
    0xc0, 0x0, 0x7, 0xff, 0xff, 0xff, 0xff, 0xff,
    0xff, 0xff, 0xff, 0xff, 0xff, 0xff, 0xff, 0xff,
    0xff, 0xff, 0xc0,

    /* U+0046 "F" */
    0xff, 0xff, 0xff, 0xff, 0xff, 0xff, 0xff, 0xff,
    0xff, 0xff, 0xff, 0xff, 0xff, 0xff, 0xff, 0xff,
    0xe0, 0x0, 0x3, 0xf0, 0x0, 0x1, 0xf8, 0x0,
    0x0, 0xfc, 0x0, 0x0, 0x7e, 0x0, 0x0, 0x3f,
    0x0, 0x0, 0x1f, 0x80, 0x0, 0xf, 0xc0, 0x0,
    0x7, 0xe0, 0x0, 0x3, 0xf0, 0x0, 0x1, 0xf8,
    0x0, 0x0, 0xff, 0xff, 0xfe, 0x7f, 0xff, 0xff,
    0x3f, 0xff, 0xff, 0x9f, 0xff, 0xff, 0xcf, 0xff,
    0xff, 0xe7, 0xe0, 0x0, 0x3, 0xf0, 0x0, 0x1,
    0xf8, 0x0, 0x0, 0xfc, 0x0, 0x0, 0x7e, 0x0,
    0x0, 0x3f, 0x0, 0x0, 0x1f, 0x80, 0x0, 0xf,
    0xc0, 0x0, 0x7, 0xe0, 0x0, 0x3, 0xf0, 0x0,
    0x1, 0xf8, 0x0, 0x0, 0xfc, 0x0, 0x0, 0x7e,
    0x0, 0x0, 0x0,

    /* U+0047 "G" */
    0x0, 0x7, 0xfe, 0x0, 0x0, 0x7f, 0xff, 0x80,
    0x3, 0xff, 0xff, 0xc0, 0xf, 0xff, 0xff, 0xe0,
    0x7f, 0xff, 0xff, 0xe1, 0xff, 0xc0, 0x7f, 0xc3,
    0xfc, 0x0, 0x3f, 0xf, 0xe0, 0x0, 0x1c, 0x3f,
    0x80, 0x0, 0x10, 0x7e, 0x0, 0x0, 0x1, 0xfc,
    0x0, 0x0, 0x3, 0xf0, 0x0, 0x0, 0x7, 0xe0,
    0x0, 0x0, 0x1f, 0x80, 0x0, 0x0, 0x3f, 0x0,
    0x0, 0x0, 0x7e, 0x0, 0x0, 0x0, 0xfc, 0x0,
    0x0, 0x1, 0xf8, 0x0, 0x0, 0xff, 0xf0, 0x0,
    0x1, 0xff, 0xe0, 0x0, 0x3, 0xff, 0xc0, 0x0,
    0x7, 0xef, 0xc0, 0x0, 0xf, 0xdf, 0x80, 0x0,
    0x1f, 0xbf, 0x80, 0x0, 0x3f, 0x3f, 0x0, 0x0,
    0x7e, 0x7f, 0x0, 0x0, 0xfc, 0x7f, 0x0, 0x1,
    0xf8, 0x7f, 0x80, 0x3, 0xf0, 0xff, 0xc0, 0x3f,
    0xe0, 0xff, 0xff, 0xff, 0xc0, 0x7f, 0xff, 0xff,
    0x0, 0x7f, 0xff, 0xfc, 0x0, 0x3f, 0xff, 0xe0,
    0x0, 0xf, 0xfc, 0x0,

    /* U+0048 "H" */
    0xfc, 0x0, 0x0, 0xff, 0xf0, 0x0, 0x3, 0xff,
    0xc0, 0x0, 0xf, 0xff, 0x0, 0x0, 0x3f, 0xfc,
    0x0, 0x0, 0xff, 0xf0, 0x0, 0x3, 0xff, 0xc0,
    0x0, 0xf, 0xff, 0x0, 0x0, 0x3f, 0xfc, 0x0,
    0x0, 0xff, 0xf0, 0x0, 0x3, 0xff, 0xc0, 0x0,
    0xf, 0xff, 0x0, 0x0, 0x3f, 0xfc, 0x0, 0x0,
    0xff, 0xf0, 0x0, 0x3, 0xff, 0xff, 0xff, 0xff,
    0xff, 0xff, 0xff, 0xff, 0xff, 0xff, 0xff, 0xff,
    0xff, 0xff, 0xff, 0xff, 0xff, 0xff, 0xff, 0xff,
    0x0, 0x0, 0x3f, 0xfc, 0x0, 0x0, 0xff, 0xf0,
    0x0, 0x3, 0xff, 0xc0, 0x0, 0xf, 0xff, 0x0,
    0x0, 0x3f, 0xfc, 0x0, 0x0, 0xff, 0xf0, 0x0,
    0x3, 0xff, 0xc0, 0x0, 0xf, 0xff, 0x0, 0x0,
    0x3f, 0xfc, 0x0, 0x0, 0xff, 0xf0, 0x0, 0x3,
    0xff, 0xc0, 0x0, 0xf, 0xff, 0x0, 0x0, 0x3f,
    0xfc, 0x0, 0x0, 0xff, 0xf0, 0x0, 0x3, 0xf0,

    /* U+0049 "I" */
    0xff, 0xff, 0xff, 0xff, 0xff, 0xff, 0xff, 0xff,
    0xff, 0xff, 0xff, 0xff, 0xff, 0xff, 0xff, 0xff,
    0xff, 0xff, 0xff, 0xff, 0xff, 0xff, 0xff, 0xff,
    0xff, 0xf0,

    /* U+004A "J" */
    0xf, 0xff, 0xfc, 0x3f, 0xff, 0xf0, 0xff, 0xff,
    0xc3, 0xff, 0xff, 0xf, 0xff, 0xfc, 0x0, 0x3,
    0xf0, 0x0, 0xf, 0xc0, 0x0, 0x3f, 0x0, 0x0,
    0xfc, 0x0, 0x3, 0xf0, 0x0, 0xf, 0xc0, 0x0,
    0x3f, 0x0, 0x0, 0xfc, 0x0, 0x3, 0xf0, 0x0,
    0xf, 0xc0, 0x0, 0x3f, 0x0, 0x0, 0xfc, 0x0,
    0x3, 0xf0, 0x0, 0xf, 0xc0, 0x0, 0x3f, 0x0,
    0x0, 0xfc, 0x0, 0x3, 0xf0, 0x0, 0xf, 0xc0,
    0x0, 0x3f, 0x0, 0x0, 0xfc, 0x0, 0x3, 0xf1,
    0x80, 0x1f, 0xcf, 0x0, 0x7e, 0x7f, 0x7, 0xf9,
    0xff, 0xff, 0xc7, 0xff, 0xff, 0x7, 0xff, 0xf8,
    0xf, 0xff, 0x80, 0x7, 0xf8, 0x0,

    /* U+004B "K" */
    0xfc, 0x0, 0x3, 0xfb, 0xf0, 0x0, 0x1f, 0xcf,
    0xc0, 0x0, 0xfe, 0x3f, 0x0, 0x7, 0xf0, 0xfc,
    0x0, 0x3f, 0x83, 0xf0, 0x1, 0xfe, 0xf, 0xc0,
    0xf, 0xf0, 0x3f, 0x0, 0x7f, 0x80, 0xfc, 0x3,
    0xfc, 0x3, 0xf0, 0xf, 0xe0, 0xf, 0xc0, 0x7f,
    0x0, 0x3f, 0x3, 0xf8, 0x0, 0xfc, 0x1f, 0xc0,
    0x3, 0xf0, 0xfe, 0x0, 0xf, 0xc7, 0xf0, 0x0,
    0x3f, 0x3f, 0xc0, 0x0, 0xfd, 0xff, 0x80, 0x3,
    0xff, 0xfe, 0x0, 0xf, 0xff, 0xfc, 0x0, 0x3f,
    0xff, 0xf8, 0x0, 0xff, 0xef, 0xf0, 0x3, 0xff,
    0x1f, 0xe0, 0xf, 0xf8, 0x3f, 0x80, 0x3f, 0xc0,
    0xff, 0x0, 0xfe, 0x1, 0xfe, 0x3, 0xf0, 0x3,
    0xfc, 0xf, 0xc0, 0x7, 0xf8, 0x3f, 0x0, 0xf,
    0xe0, 0xfc, 0x0, 0x1f, 0xc3, 0xf0, 0x0, 0x7f,
    0x8f, 0xc0, 0x0, 0xff, 0x3f, 0x0, 0x1, 0xfe,
    0xfc, 0x0, 0x3, 0xfb, 0xf0, 0x0, 0x7, 0xf0,

    /* U+004C "L" */
    0xfc, 0x0, 0x0, 0xfc, 0x0, 0x0, 0xfc, 0x0,
    0x0, 0xfc, 0x0, 0x0, 0xfc, 0x0, 0x0, 0xfc,
    0x0, 0x0, 0xfc, 0x0, 0x0, 0xfc, 0x0, 0x0,
    0xfc, 0x0, 0x0, 0xfc, 0x0, 0x0, 0xfc, 0x0,
    0x0, 0xfc, 0x0, 0x0, 0xfc, 0x0, 0x0, 0xfc,
    0x0, 0x0, 0xfc, 0x0, 0x0, 0xfc, 0x0, 0x0,
    0xfc, 0x0, 0x0, 0xfc, 0x0, 0x0, 0xfc, 0x0,
    0x0, 0xfc, 0x0, 0x0, 0xfc, 0x0, 0x0, 0xfc,
    0x0, 0x0, 0xfc, 0x0, 0x0, 0xfc, 0x0, 0x0,
    0xfc, 0x0, 0x0, 0xfc, 0x0, 0x0, 0xfc, 0x0,
    0x0, 0xfc, 0x0, 0x0, 0xfc, 0x0, 0x0, 0xff,
    0xff, 0xff, 0xff, 0xff, 0xff, 0xff, 0xff, 0xff,
    0xff, 0xff, 0xff, 0xff, 0xff, 0xff,

    /* U+004D "M" */
    0xf8, 0x0, 0x0, 0x1, 0xff, 0xe0, 0x0, 0x0,
    0xf, 0xff, 0x80, 0x0, 0x0, 0xff, 0xfc, 0x0,
    0x0, 0x7, 0xff, 0xf0, 0x0, 0x0, 0x7f, 0xff,
    0x80, 0x0, 0x3, 0xff, 0xfe, 0x0, 0x0, 0x3f,
    0xff, 0xf8, 0x0, 0x3, 0xff, 0xff, 0xc0, 0x0,
    0x1f, 0xff, 0xff, 0x0, 0x1, 0xff, 0xff, 0xf8,
    0x0, 0xf, 0xff, 0xff, 0xe0, 0x0, 0xff, 0xff,
    0xff, 0x80, 0xf, 0xdf, 0xfe, 0xfc, 0x0, 0x7e,
    0xff, 0xf3, 0xf0, 0x7, 0xe7, 0xff, 0x9f, 0x80,
    0x3f, 0x3f, 0xfc, 0x7e, 0x3, 0xf1, 0xff, 0xe3,
    0xf8, 0x1f, 0xf, 0xff, 0xf, 0xc1, 0xf8, 0x7f,
    0xf8, 0x3f, 0x1f, 0x83, 0xff, 0xc1, 0xf8, 0xfc,
    0x1f, 0xfe, 0x7, 0xef, 0xc0, 0xff, 0xf0, 0x3f,
    0xfc, 0x7, 0xff, 0x80, 0xff, 0xe0, 0x3f, 0xfc,
    0x3, 0xfe, 0x1, 0xff, 0xe0, 0x1f, 0xf0, 0xf,
    0xff, 0x0, 0x7f, 0x0, 0x7f, 0xf8, 0x1, 0xf0,
    0x3, 0xff, 0xc0, 0xf, 0x80, 0x1f, 0xfe, 0x0,
    0x38, 0x0, 0xff, 0xf0, 0x0, 0x0, 0x7, 0xff,
    0x80, 0x0, 0x0, 0x3f, 0xfc, 0x0, 0x0, 0x1,
    0xff, 0xe0, 0x0, 0x0, 0xf, 0xc0,

    /* U+004E "N" */
    0xf8, 0x0, 0x0, 0xff, 0xf0, 0x0, 0x3, 0xff,
    0xe0, 0x0, 0xf, 0xff, 0xc0, 0x0, 0x3f, 0xff,
    0x80, 0x0, 0xff, 0xff, 0x0, 0x3, 0xff, 0xfc,
    0x0, 0xf, 0xff, 0xf8, 0x0, 0x3f, 0xff, 0xf0,
    0x0, 0xff, 0xff, 0xe0, 0x3, 0xff, 0xff, 0xc0,
    0xf, 0xff, 0xff, 0x0, 0x3f, 0xfd, 0xfe, 0x0,
    0xff, 0xf3, 0xfc, 0x3, 0xff, 0xc7, 0xf8, 0xf,
    0xff, 0xf, 0xf0, 0x3f, 0xfc, 0x1f, 0xe0, 0xff,
    0xf0, 0x7f, 0x83, 0xff, 0xc0, 0xff, 0xf, 0xff,
    0x1, 0xfe, 0x3f, 0xfc, 0x3, 0xfc, 0xff, 0xf0,
    0x7, 0xfb, 0xff, 0xc0, 0xf, 0xff, 0xff, 0x0,
    0x3f, 0xff, 0xfc, 0x0, 0x7f, 0xff, 0xf0, 0x0,
    0xff, 0xff, 0xc0, 0x1, 0xff, 0xff, 0x0, 0x3,
    0xff, 0xfc, 0x0, 0xf, 0xff, 0xf0, 0x0, 0x1f,
    0xff, 0xc0, 0x0, 0x3f, 0xff, 0x0, 0x0, 0x7f,
    0xfc, 0x0, 0x0, 0xff, 0xf0, 0x0, 0x1, 0xf0,

    /* U+004F "O" */
    0x0, 0x7, 0xfe, 0x0, 0x0, 0x3, 0xff, 0xfc,
    0x0, 0x0, 0xff, 0xff, 0xf0, 0x0, 0x1f, 0xff,
    0xff, 0x80, 0x7, 0xff, 0xff, 0xfe, 0x0, 0xff,
    0xc0, 0x3f, 0xf0, 0xf, 0xf0, 0x0, 0xff, 0x1,
    0xfc, 0x0, 0x3, 0xf8, 0x3f, 0x80, 0x0, 0x1f,
    0xc3, 0xf0, 0x0, 0x0, 0xfc, 0x7f, 0x0, 0x0,
    0xf, 0xe7, 0xe0, 0x0, 0x0, 0x7e, 0x7e, 0x0,
    0x0, 0x7, 0xef, 0xc0, 0x0, 0x0, 0x3f, 0xfc,
    0x0, 0x0, 0x3, 0xff, 0xc0, 0x0, 0x0, 0x3f,
    0xfc, 0x0, 0x0, 0x3, 0xff, 0xc0, 0x0, 0x0,
    0x3f, 0xfc, 0x0, 0x0, 0x3, 0xff, 0xc0, 0x0,
    0x0, 0x3f, 0xfc, 0x0, 0x0, 0x3, 0xf7, 0xe0,
    0x0, 0x0, 0x7e, 0x7e, 0x0, 0x0, 0x7, 0xe7,
    0xf0, 0x0, 0x0, 0xfe, 0x3f, 0x0, 0x0, 0xf,
    0xc3, 0xf8, 0x0, 0x1, 0xfc, 0x1f, 0xc0, 0x0,
    0x3f, 0x80, 0xff, 0x0, 0xf, 0xf0, 0xf, 0xfc,
    0x3, 0xff, 0x0, 0x7f, 0xff, 0xff, 0xe0, 0x1,
    0xff, 0xff, 0xf8, 0x0, 0xf, 0xff, 0xff, 0x0,
    0x0, 0x3f, 0xff, 0xc0, 0x0, 0x0, 0x7f, 0xe0,
    0x0,

    /* U+0050 "P" */
    0xff, 0xff, 0xc0, 0xf, 0xff, 0xff, 0x80, 0xff,
    0xff, 0xfe, 0xf, 0xff, 0xff, 0xf8, 0xff, 0xff,
    0xff, 0x8f, 0xc0, 0x7, 0xfc, 0xfc, 0x0, 0x1f,
    0xef, 0xc0, 0x0, 0xfe, 0xfc, 0x0, 0x7, 0xff,
    0xc0, 0x0, 0x3f, 0xfc, 0x0, 0x3, 0xff, 0xc0,
    0x0, 0x3f, 0xfc, 0x0, 0x3, 0xff, 0xc0, 0x0,
    0x3f, 0xfc, 0x0, 0x3, 0xff, 0xc0, 0x0, 0x7f,
    0xfc, 0x0, 0xf, 0xef, 0xc0, 0x1, 0xfe, 0xfc,
    0x0, 0x7f, 0xcf, 0xff, 0xff, 0xf8, 0xff, 0xff,
    0xff, 0xf, 0xff, 0xff, 0xe0, 0xff, 0xff, 0xf8,
    0xf, 0xff, 0xfe, 0x0, 0xfc, 0x0, 0x0, 0xf,
    0xc0, 0x0, 0x0, 0xfc, 0x0, 0x0, 0xf, 0xc0,
    0x0, 0x0, 0xfc, 0x0, 0x0, 0xf, 0xc0, 0x0,
    0x0, 0xfc, 0x0, 0x0, 0xf, 0xc0, 0x0, 0x0,
    0xfc, 0x0, 0x0, 0xf, 0xc0, 0x0, 0x0,

    /* U+0051 "Q" */
    0x0, 0x7, 0xfe, 0x0, 0x0, 0x0, 0xff, 0xff,
    0x0, 0x0, 0xf, 0xff, 0xff, 0x0, 0x0, 0x7f,
    0xff, 0xfe, 0x0, 0x3, 0xff, 0xff, 0xfe, 0x0,
    0x3f, 0xf0, 0xf, 0xfc, 0x0, 0xff, 0x0, 0xf,
    0xf0, 0x7, 0xf0, 0x0, 0xf, 0xe0, 0x3f, 0x80,
    0x0, 0x1f, 0xc0, 0xfc, 0x0, 0x0, 0x3f, 0x7,
    0xf0, 0x0, 0x0, 0xfe, 0x1f, 0x80, 0x0, 0x1,
    0xf8, 0x7e, 0x0, 0x0, 0x7, 0xe3, 0xf0, 0x0,
    0x0, 0xf, 0xcf, 0xc0, 0x0, 0x0, 0x3f, 0x3f,
    0x0, 0x0, 0x0, 0xfc, 0xfc, 0x0, 0x0, 0x3,
    0xf3, 0xf0, 0x0, 0x0, 0xf, 0xcf, 0xc0, 0x0,
    0x0, 0x3f, 0x3f, 0x0, 0x0, 0x0, 0xfc, 0xfe,
    0x0, 0x0, 0x7, 0xf1, 0xf8, 0x0, 0x0, 0x1f,
    0x87, 0xe0, 0x0, 0x0, 0x7e, 0x1f, 0xc0, 0x0,
    0x3, 0xf8, 0x3f, 0x80, 0x0, 0x1f, 0xc0, 0xff,
    0x0, 0x0, 0xff, 0x1, 0xfe, 0x0, 0x7, 0xf8,
    0x7, 0xfe, 0x0, 0x7f, 0xc0, 0xf, 0xff, 0xff,
    0xff, 0x0, 0x1f, 0xff, 0xff, 0xf0, 0x0, 0x3f,
    0xff, 0xff, 0x80, 0x0, 0x3f, 0xff, 0xfc, 0x0,
    0x0, 0x3f, 0xff, 0xc0, 0x0, 0x0, 0x3f, 0xfc,
    0x0, 0x0, 0x0, 0xf, 0xf8, 0x3, 0x0, 0x0,
    0x1f, 0xf8, 0x3e, 0x0, 0x0, 0x3f, 0xff, 0xf8,
    0x0, 0x0, 0x3f, 0xff, 0xe0, 0x0, 0x0, 0x7f,
    0xff, 0x0, 0x0, 0x0, 0x7f, 0xf8, 0x0, 0x0,
    0x0, 0x7f, 0x80,

    /* U+0052 "R" */
    0xff, 0xff, 0xe0, 0x7, 0xff, 0xff, 0xc0, 0x3f,
    0xff, 0xff, 0x81, 0xff, 0xff, 0xff, 0xf, 0xff,
    0xff, 0xf8, 0x7e, 0x0, 0x3f, 0xe3, 0xf0, 0x0,
    0x7f, 0x9f, 0x80, 0x1, 0xfc, 0xfc, 0x0, 0x7,
    0xf7, 0xe0, 0x0, 0x1f, 0xbf, 0x0, 0x0, 0xfd,
    0xf8, 0x0, 0x7, 0xef, 0xc0, 0x0, 0x3f, 0x7e,
    0x0, 0x1, 0xfb, 0xf0, 0x0, 0xf, 0xdf, 0x80,
    0x0, 0xfe, 0xfc, 0x0, 0xf, 0xe7, 0xe0, 0x0,
    0xff, 0x3f, 0x0, 0x1f, 0xf1, 0xff, 0xff, 0xff,
    0x8f, 0xff, 0xff, 0xf8, 0x7f, 0xff, 0xff, 0x83,
    0xff, 0xff, 0xf0, 0x1f, 0xff, 0xff, 0x80, 0xfc,
    0x1, 0xfc, 0x7, 0xe0, 0x7, 0xf0, 0x3f, 0x0,
    0x1f, 0xc1, 0xf8, 0x0, 0x7e, 0xf, 0xc0, 0x3,
    0xf8, 0x7e, 0x0, 0xf, 0xe3, 0xf0, 0x0, 0x3f,
    0x1f, 0x80, 0x1, 0xfc, 0xfc, 0x0, 0x7, 0xf7,
    0xe0, 0x0, 0x1f, 0x80,

    /* U+0053 "S" */
    0x0, 0x3f, 0xe0, 0x0, 0x3f, 0xff, 0xc0, 0x1f,
    0xff, 0xfe, 0x7, 0xff, 0xff, 0xc1, 0xff, 0xff,
    0xf8, 0x7f, 0xc0, 0x7f, 0xf, 0xe0, 0x1, 0xc3,
    0xf8, 0x0, 0x8, 0x7e, 0x0, 0x0, 0xf, 0xc0,
    0x0, 0x1, 0xf8, 0x0, 0x0, 0x3f, 0x80, 0x0,
    0x7, 0xf8, 0x0, 0x0, 0x7f, 0xc0, 0x0, 0xf,
    0xff, 0x80, 0x0, 0xff, 0xff, 0x0, 0xf, 0xff,
    0xfc, 0x0, 0x7f, 0xff, 0xe0, 0x3, 0xff, 0xfe,
    0x0, 0x7, 0xff, 0xe0, 0x0, 0xf, 0xfc, 0x0,
    0x0, 0x3f, 0xc0, 0x0, 0x3, 0xf8, 0x0, 0x0,
    0x3f, 0x0, 0x0, 0x7, 0xe4, 0x0, 0x0, 0xfc,
    0xc0, 0x0, 0x3f, 0xbe, 0x0, 0x7, 0xe7, 0xf8,
    0x3, 0xfc, 0xff, 0xff, 0xff, 0x1f, 0xff, 0xff,
    0xc1, 0xff, 0xff, 0xf0, 0x7, 0xff, 0xf8, 0x0,
    0x1f, 0xfc, 0x0,

    /* U+0054 "T" */
    0xff, 0xff, 0xff, 0xff, 0xff, 0xff, 0xff, 0xff,
    0xff, 0xff, 0xff, 0xff, 0xff, 0xff, 0xff, 0xff,
    0xff, 0xff, 0x80, 0xf, 0xc0, 0x0, 0x0, 0x7e,
    0x0, 0x0, 0x3, 0xf0, 0x0, 0x0, 0x1f, 0x80,
    0x0, 0x0, 0xfc, 0x0, 0x0, 0x7, 0xe0, 0x0,
    0x0, 0x3f, 0x0, 0x0, 0x1, 0xf8, 0x0, 0x0,
    0xf, 0xc0, 0x0, 0x0, 0x7e, 0x0, 0x0, 0x3,
    0xf0, 0x0, 0x0, 0x1f, 0x80, 0x0, 0x0, 0xfc,
    0x0, 0x0, 0x7, 0xe0, 0x0, 0x0, 0x3f, 0x0,
    0x0, 0x1, 0xf8, 0x0, 0x0, 0xf, 0xc0, 0x0,
    0x0, 0x7e, 0x0, 0x0, 0x3, 0xf0, 0x0, 0x0,
    0x1f, 0x80, 0x0, 0x0, 0xfc, 0x0, 0x0, 0x7,
    0xe0, 0x0, 0x0, 0x3f, 0x0, 0x0, 0x1, 0xf8,
    0x0, 0x0, 0xf, 0xc0, 0x0, 0x0, 0x7e, 0x0,
    0x0, 0x3, 0xf0, 0x0, 0x0, 0x1f, 0x80, 0x0,
    0x0, 0xfc, 0x0, 0x0,

    /* U+0055 "U" */
    0xfc, 0x0, 0x1, 0xff, 0xe0, 0x0, 0xf, 0xff,
    0x0, 0x0, 0x7f, 0xf8, 0x0, 0x3, 0xff, 0xc0,
    0x0, 0x1f, 0xfe, 0x0, 0x0, 0xff, 0xf0, 0x0,
    0x7, 0xff, 0x80, 0x0, 0x3f, 0xfc, 0x0, 0x1,
    0xff, 0xe0, 0x0, 0xf, 0xff, 0x0, 0x0, 0x7f,
    0xf8, 0x0, 0x3, 0xff, 0xc0, 0x0, 0x1f, 0xfe,
    0x0, 0x0, 0xff, 0xf0, 0x0, 0x7, 0xff, 0x80,
    0x0, 0x3f, 0xfc, 0x0, 0x1, 0xff, 0xe0, 0x0,
    0xf, 0xff, 0x0, 0x0, 0x7f, 0xf8, 0x0, 0x3,
    0xff, 0xc0, 0x0, 0x1f, 0xfe, 0x0, 0x0, 0xff,
    0xf0, 0x0, 0x7, 0xff, 0xc0, 0x0, 0x7f, 0x7e,
    0x0, 0x3, 0xf3, 0xf0, 0x0, 0x1f, 0x9f, 0xc0,
    0x1, 0xfc, 0x7f, 0x0, 0x1f, 0xc3, 0xfe, 0x3,
    0xfe, 0xf, 0xff, 0xff, 0xe0, 0x3f, 0xff, 0xfe,
    0x0, 0xff, 0xff, 0xe0, 0x1, 0xff, 0xfc, 0x0,
    0x1, 0xff, 0x0, 0x0,

    /* U+0056 "V" */
    0xfe, 0x0, 0x0, 0x7, 0xff, 0xc0, 0x0, 0x1,
    0xfd, 0xfc, 0x0, 0x0, 0x3f, 0x3f, 0x80, 0x0,
    0xf, 0xe3, 0xf0, 0x0, 0x1, 0xf8, 0x7f, 0x0,
    0x0, 0x3f, 0x7, 0xe0, 0x0, 0xf, 0xc0, 0xfe,
    0x0, 0x1, 0xf8, 0x1f, 0xc0, 0x0, 0x7f, 0x1,
    0xfc, 0x0, 0xf, 0xc0, 0x3f, 0x80, 0x3, 0xf8,
    0x3, 0xf0, 0x0, 0x7e, 0x0, 0x7f, 0x0, 0xf,
    0xc0, 0x7, 0xe0, 0x3, 0xf0, 0x0, 0xfe, 0x0,
    0x7e, 0x0, 0x1f, 0xc0, 0x1f, 0xc0, 0x1, 0xfc,
    0x3, 0xf0, 0x0, 0x3f, 0x80, 0xfe, 0x0, 0x3,
    0xf0, 0x1f, 0x80, 0x0, 0x7f, 0x3, 0xf0, 0x0,
    0x7, 0xe0, 0xfc, 0x0, 0x0, 0xfe, 0x1f, 0x80,
    0x0, 0x1f, 0xc7, 0xf0, 0x0, 0x1, 0xfc, 0xfc,
    0x0, 0x0, 0x3f, 0xbf, 0x80, 0x0, 0x3, 0xf7,
    0xe0, 0x0, 0x0, 0x7f, 0xfc, 0x0, 0x0, 0x7,
    0xff, 0x0, 0x0, 0x0, 0xff, 0xe0, 0x0, 0x0,
    0xf, 0xfc, 0x0, 0x0, 0x1, 0xff, 0x0, 0x0,
    0x0, 0x3f, 0xe0, 0x0, 0x0, 0x3, 0xf8, 0x0,
    0x0, 0x0, 0x7f, 0x0, 0x0,

    /* U+0057 "W" */
    0xfe, 0x0, 0x0, 0xfc, 0x0, 0x3, 0xf3, 0xf0,
    0x0, 0xf, 0xe0, 0x0, 0x1f, 0x9f, 0xc0, 0x0,
    0x7f, 0x0, 0x0, 0xfc, 0xfe, 0x0, 0x3, 0xfc,
    0x0, 0xf, 0xc3, 0xf0, 0x0, 0x3f, 0xe0, 0x0,
    0x7e, 0x1f, 0xc0, 0x1, 0xff, 0x0, 0x3, 0xf0,
    0xfe, 0x0, 0xf, 0xfc, 0x0, 0x1f, 0x83, 0xf0,
    0x0, 0xff, 0xe0, 0x1, 0xf8, 0x1f, 0xc0, 0x7,
    0xff, 0x0, 0xf, 0xc0, 0xfe, 0x0, 0x3e, 0xfc,
    0x0, 0x7e, 0x3, 0xf0, 0x3, 0xf7, 0xe0, 0x7,
    0xe0, 0x1f, 0xc0, 0x1f, 0xbf, 0x0, 0x3f, 0x0,
    0xfe, 0x0, 0xf8, 0xfc, 0x1, 0xf8, 0x3, 0xf0,
    0xf, 0xc7, 0xe0, 0x1f, 0x80, 0x1f, 0x80, 0x7e,
    0x3f, 0x0, 0xfc, 0x0, 0xfe, 0x3, 0xe0, 0xfc,
    0x7, 0xe0, 0x3, 0xf0, 0x3f, 0x7, 0xe0, 0x7e,
    0x0, 0x1f, 0x81, 0xf8, 0x3f, 0x3, 0xf0, 0x0,
    0xfe, 0xf, 0x80, 0xfc, 0x1f, 0x80, 0x3, 0xf0,
    0xfc, 0x7, 0xe1, 0xf8, 0x0, 0x1f, 0x87, 0xe0,
    0x3f, 0xf, 0xc0, 0x0, 0xfe, 0x3e, 0x0, 0xfc,
    0x7e, 0x0, 0x3, 0xf3, 0xf0, 0x7, 0xe7, 0xe0,
    0x0, 0x1f, 0x9f, 0x80, 0x3f, 0x3f, 0x0, 0x0,
    0xfe, 0xf8, 0x0, 0xfd, 0xf8, 0x0, 0x3, 0xff,
    0xc0, 0x7, 0xff, 0x80, 0x0, 0x1f, 0xfe, 0x0,
    0x3f, 0xfc, 0x0, 0x0, 0xff, 0xe0, 0x0, 0xff,
    0xe0, 0x0, 0x3, 0xff, 0x0, 0x7, 0xfe, 0x0,
    0x0, 0x1f, 0xf8, 0x0, 0x3f, 0xf0, 0x0, 0x0,
    0xff, 0x80, 0x0, 0xff, 0x80, 0x0, 0x3, 0xfc,
    0x0, 0x7, 0xf8, 0x0, 0x0, 0x1f, 0xe0, 0x0,
    0x3f, 0xc0, 0x0, 0x0, 0xfe, 0x0, 0x0, 0xfe,
    0x0, 0x0,

    /* U+0058 "X" */
    0x7f, 0x80, 0x0, 0x7f, 0x1f, 0xc0, 0x0, 0x7f,
    0x7, 0xf0, 0x0, 0x7f, 0x1, 0xfc, 0x0, 0x3f,
    0x80, 0xfe, 0x0, 0x3f, 0x80, 0x3f, 0x80, 0x3f,
    0x80, 0xf, 0xe0, 0x1f, 0x80, 0x7, 0xf8, 0x1f,
    0xc0, 0x1, 0xfc, 0x1f, 0xc0, 0x0, 0x7f, 0xf,
    0xc0, 0x0, 0x1f, 0xcf, 0xe0, 0x0, 0xf, 0xef,
    0xe0, 0x0, 0x3, 0xff, 0xe0, 0x0, 0x0, 0xff,
    0xe0, 0x0, 0x0, 0x7f, 0xf0, 0x0, 0x0, 0x1f,
    0xf0, 0x0, 0x0, 0x7, 0xf0, 0x0, 0x0, 0x7,
    0xfc, 0x0, 0x0, 0x3, 0xff, 0x0, 0x0, 0x3,
    0xff, 0x80, 0x0, 0x3, 0xff, 0xe0, 0x0, 0x3,
    0xfb, 0xf8, 0x0, 0x1, 0xfc, 0xfe, 0x0, 0x1,
    0xfc, 0x7f, 0x0, 0x1, 0xfc, 0x1f, 0xc0, 0x0,
    0xfc, 0x7, 0xf0, 0x0, 0xfe, 0x3, 0xfc, 0x0,
    0xfe, 0x0, 0xfe, 0x0, 0xfe, 0x0, 0x3f, 0x80,
    0x7f, 0x0, 0x1f, 0xe0, 0x7f, 0x0, 0x7, 0xf0,
    0x7f, 0x0, 0x1, 0xfc, 0x7f, 0x80, 0x0, 0x7f,
    0x3f, 0x80, 0x0, 0x3f, 0xc0,

    /* U+0059 "Y" */
    0xfe, 0x0, 0x0, 0x3f, 0x7e, 0x0, 0x0, 0x7e,
    0x7f, 0x0, 0x0, 0xfe, 0x3f, 0x80, 0x0, 0xfc,
    0x3f, 0x80, 0x1, 0xf8, 0x1f, 0xc0, 0x1, 0xf8,
    0xf, 0xc0, 0x3, 0xf0, 0xf, 0xe0, 0x3, 0xf0,
    0x7, 0xe0, 0x7, 0xe0, 0x7, 0xf0, 0xf, 0xc0,
    0x3, 0xf8, 0xf, 0xc0, 0x1, 0xf8, 0x1f, 0x80,
    0x1, 0xfc, 0x1f, 0x80, 0x0, 0xfc, 0x3f, 0x0,
    0x0, 0xfe, 0x7f, 0x0, 0x0, 0x7f, 0x7e, 0x0,
    0x0, 0x3f, 0xfc, 0x0, 0x0, 0x3f, 0xfc, 0x0,
    0x0, 0x1f, 0xf8, 0x0, 0x0, 0x1f, 0xf8, 0x0,
    0x0, 0xf, 0xf0, 0x0, 0x0, 0x7, 0xe0, 0x0,
    0x0, 0x7, 0xe0, 0x0, 0x0, 0x7, 0xe0, 0x0,
    0x0, 0x7, 0xe0, 0x0, 0x0, 0x7, 0xe0, 0x0,
    0x0, 0x7, 0xe0, 0x0, 0x0, 0x7, 0xe0, 0x0,
    0x0, 0x7, 0xe0, 0x0, 0x0, 0x7, 0xe0, 0x0,
    0x0, 0x7, 0xe0, 0x0, 0x0, 0x7, 0xe0, 0x0,
    0x0, 0x7, 0xe0, 0x0, 0x0, 0x7, 0xe0, 0x0,

    /* U+005A "Z" */
    0xff, 0xff, 0xff, 0xf7, 0xff, 0xff, 0xff, 0xbf,
    0xff, 0xff, 0xfd, 0xff, 0xff, 0xff, 0xef, 0xff,
    0xff, 0xff, 0x0, 0x0, 0xf, 0xf0, 0x0, 0x0,
    0xff, 0x0, 0x0, 0x7, 0xf0, 0x0, 0x0, 0x7f,
    0x0, 0x0, 0x7, 0xf8, 0x0, 0x0, 0x7f, 0x80,
    0x0, 0x3, 0xf8, 0x0, 0x0, 0x3f, 0x80, 0x0,
    0x3, 0xf8, 0x0, 0x0, 0x3f, 0xc0, 0x0, 0x3,
    0xfc, 0x0, 0x0, 0x1f, 0xc0, 0x0, 0x1, 0xfc,
    0x0, 0x0, 0x1f, 0xc0, 0x0, 0x1, 0xfe, 0x0,
    0x0, 0x1f, 0xe0, 0x0, 0x0, 0xfe, 0x0, 0x0,
    0xf, 0xe0, 0x0, 0x0, 0xfe, 0x0, 0x0, 0xf,
    0xf0, 0x0, 0x0, 0x7f, 0x0, 0x0, 0x7, 0xf0,
    0x0, 0x0, 0x7f, 0x0, 0x0, 0x7, 0xf0, 0x0,
    0x0, 0x7f, 0xff, 0xff, 0xff, 0xff, 0xff, 0xff,
    0xff, 0xff, 0xff, 0xff, 0xff, 0xff, 0xff, 0xff,
    0xff, 0xff, 0xff, 0xc0,

    /* U+005B "[" */
    0xff, 0xff, 0xff, 0xff, 0xff, 0xff, 0xff, 0xff,
    0xc0, 0xfc, 0xf, 0xc0, 0xfc, 0xf, 0xc0, 0xfc,
    0xf, 0xc0, 0xfc, 0xf, 0xc0, 0xfc, 0xf, 0xc0,
    0xfc, 0xf, 0xc0, 0xfc, 0xf, 0xc0, 0xfc, 0xf,
    0xc0, 0xfc, 0xf, 0xc0, 0xfc, 0xf, 0xc0, 0xfc,
    0xf, 0xc0, 0xfc, 0xf, 0xc0, 0xfc, 0xf, 0xc0,
    0xfc, 0xf, 0xc0, 0xfc, 0xf, 0xc0, 0xfc, 0xf,
    0xc0, 0xfc, 0xf, 0xc0, 0xff, 0xff, 0xff, 0xff,
    0xff, 0xff, 0xff, 0xf0,

    /* U+005C "\\" */
    0xf8, 0x0, 0x7, 0xe0, 0x0, 0x1f, 0x0, 0x0,
    0xfc, 0x0, 0x7, 0xe0, 0x0, 0x1f, 0x0, 0x0,
    0xfc, 0x0, 0x3, 0xe0, 0x0, 0x1f, 0x0, 0x0,
    0xfc, 0x0, 0x3, 0xe0, 0x0, 0x1f, 0x0, 0x0,
    0xfc, 0x0, 0x3, 0xe0, 0x0, 0x1f, 0x0, 0x0,
    0xfc, 0x0, 0x3, 0xe0, 0x0, 0x1f, 0x0, 0x0,
    0xfc, 0x0, 0x3, 0xe0, 0x0, 0x1f, 0x0, 0x0,
    0xfc, 0x0, 0x3, 0xe0, 0x0, 0x1f, 0x0, 0x0,
    0xfc, 0x0, 0x3, 0xe0, 0x0, 0x1f, 0x80, 0x0,
    0xfc, 0x0, 0x3, 0xe0, 0x0, 0x1f, 0x80, 0x0,
    0x7c, 0x0, 0x3, 0xe0, 0x0, 0x1f, 0x80, 0x0,
    0x7c, 0x0, 0x3, 0xe0, 0x0, 0x1f, 0x80, 0x0,
    0x7c, 0x0, 0x3, 0xe0, 0x0, 0x1f, 0x80, 0x0,
    0x7c, 0x0, 0x3, 0xe0, 0x0, 0x1f, 0x80, 0x0,
    0x7c, 0x0, 0x3, 0xe0, 0x0, 0x1f, 0x80, 0x0,
    0x7c,

    /* U+005D "]" */
    0xff, 0xff, 0xff, 0xff, 0xff, 0xff, 0xff, 0xf0,
    0x3f, 0x3, 0xf0, 0x3f, 0x3, 0xf0, 0x3f, 0x3,
    0xf0, 0x3f, 0x3, 0xf0, 0x3f, 0x3, 0xf0, 0x3f,
    0x3, 0xf0, 0x3f, 0x3, 0xf0, 0x3f, 0x3, 0xf0,
    0x3f, 0x3, 0xf0, 0x3f, 0x3, 0xf0, 0x3f, 0x3,
    0xf0, 0x3f, 0x3, 0xf0, 0x3f, 0x3, 0xf0, 0x3f,
    0x3, 0xf0, 0x3f, 0x3, 0xf0, 0x3f, 0x3, 0xf0,
    0x3f, 0x3, 0xf0, 0x3f, 0xff, 0xff, 0xff, 0xff,
    0xff, 0xff, 0xff, 0xf0,

    /* U+005E "^" */
    0x0, 0x7c, 0x0, 0x3, 0xf0, 0x0, 0xf, 0xe0,
    0x0, 0x7f, 0x80, 0x1, 0xff, 0x0, 0xf, 0xfc,
    0x0, 0x3e, 0xf0, 0x0, 0xf3, 0xe0, 0x7, 0xc7,
    0x80, 0x1e, 0x1f, 0x0, 0xf8, 0x3c, 0x3, 0xc0,
    0xf8, 0x1f, 0x3, 0xe0, 0x7c, 0x7, 0x81, 0xe0,
    0x1f, 0xf, 0x80, 0x3c, 0x3c, 0x0, 0xf9, 0xf0,
    0x3, 0xe7, 0xc0, 0x7, 0xfe, 0x0, 0x1f,

    /* U+005F "_" */
    0xff, 0xff, 0xff, 0xff, 0xff, 0xff, 0xff, 0xff,
    0xff,

    /* U+0060 "`" */
    0xfe, 0x3, 0xf8, 0xf, 0xe0, 0x1f, 0x80, 0x7e,
    0x1, 0xf8, 0x3, 0xe0,

    /* U+0061 "a" */
    0x1, 0xff, 0x0, 0x1f, 0xff, 0x80, 0xff, 0xff,
    0xc3, 0xff, 0xff, 0xc7, 0xff, 0xff, 0xc7, 0xc0,
    0x7f, 0x86, 0x0, 0x7f, 0x0, 0x0, 0x7f, 0x0,
    0x0, 0x7e, 0x0, 0x0, 0xfc, 0x0, 0x1, 0xf8,
    0x1f, 0xff, 0xf1, 0xff, 0xff, 0xe7, 0xff, 0xff,
    0xdf, 0xff, 0xff, 0xbf, 0x80, 0x3f, 0xfc, 0x0,
    0x7f, 0xf8, 0x0, 0xff, 0xf0, 0x1, 0xff, 0xf0,
    0x7, 0xff, 0xf0, 0x3f, 0xef, 0xff, 0xff, 0xdf,
    0xff, 0xff, 0x9f, 0xff, 0xbf, 0x1f, 0xfe, 0x7e,
    0x7, 0xf0, 0xfc,

    /* U+0062 "b" */
    0xfc, 0x0, 0x0, 0x1f, 0x80, 0x0, 0x3, 0xf0,
    0x0, 0x0, 0x7e, 0x0, 0x0, 0xf, 0xc0, 0x0,
    0x1, 0xf8, 0x0, 0x0, 0x3f, 0x0, 0x0, 0x7,
    0xe0, 0x0, 0x0, 0xfc, 0x0, 0x0, 0x1f, 0x83,
    0xf8, 0x3, 0xf3, 0xff, 0xe0, 0x7e, 0xff, 0xfe,
    0xf, 0xff, 0xff, 0xe1, 0xff, 0xff, 0xfe, 0x3f,
    0xf8, 0x3f, 0xe7, 0xfc, 0x1, 0xfe, 0xff, 0x0,
    0x1f, 0xdf, 0xc0, 0x1, 0xfb, 0xf0, 0x0, 0x3f,
    0xfe, 0x0, 0x3, 0xff, 0xc0, 0x0, 0x7f, 0xf8,
    0x0, 0xf, 0xff, 0x0, 0x1, 0xff, 0xe0, 0x0,
    0x3f, 0xfc, 0x0, 0x7, 0xff, 0x80, 0x1, 0xff,
    0xf8, 0x0, 0x3f, 0x7f, 0x80, 0xf, 0xef, 0xf8,
    0x3, 0xfd, 0xff, 0xc1, 0xff, 0x3f, 0xff, 0xff,
    0xc7, 0xff, 0xff, 0xf0, 0xfd, 0xff, 0xfc, 0x1f,
    0x9f, 0xff, 0x3, 0xf0, 0xff, 0x0, 0x0,

    /* U+0063 "c" */
    0x0, 0x3f, 0xc0, 0x0, 0xff, 0xf8, 0x1, 0xff,
    0xff, 0x1, 0xff, 0xff, 0xc1, 0xff, 0xff, 0xf1,
    0xff, 0x7, 0xfc, 0xfe, 0x0, 0xfc, 0xfe, 0x0,
    0x38, 0x7e, 0x0, 0x0, 0x7f, 0x0, 0x0, 0x3f,
    0x0, 0x0, 0x1f, 0x80, 0x0, 0xf, 0xc0, 0x0,
    0x7, 0xe0, 0x0, 0x3, 0xf0, 0x0, 0x1, 0xf8,
    0x0, 0x0, 0xfe, 0x0, 0x0, 0x3f, 0x0, 0x0,
    0x1f, 0xc0, 0x7, 0x7, 0xf0, 0x7, 0xe3, 0xfe,
    0x7, 0xf8, 0xff, 0xff, 0xf8, 0x3f, 0xff, 0xf8,
    0xf, 0xff, 0xf8, 0x1, 0xff, 0xf0, 0x0, 0x1f,
    0xe0, 0x0,

    /* U+0064 "d" */
    0x0, 0x0, 0x7, 0xe0, 0x0, 0x0, 0xfc, 0x0,
    0x0, 0x1f, 0x80, 0x0, 0x3, 0xf0, 0x0, 0x0,
    0x7e, 0x0, 0x0, 0xf, 0xc0, 0x0, 0x1, 0xf8,
    0x0, 0x0, 0x3f, 0x0, 0x0, 0x7, 0xe0, 0xf,
    0xe0, 0xfc, 0xf, 0xff, 0x9f, 0x83, 0xff, 0xfb,
    0xf0, 0xff, 0xff, 0xfe, 0x3f, 0xff, 0xff, 0xcf,
    0xf8, 0x3f, 0xfb, 0xfc, 0x1, 0xff, 0x7f, 0x0,
    0x1f, 0xef, 0xc0, 0x1, 0xff, 0xf8, 0x0, 0x3f,
    0xfe, 0x0, 0x3, 0xff, 0xc0, 0x0, 0x7f, 0xf8,
    0x0, 0xf, 0xff, 0x0, 0x1, 0xff, 0xe0, 0x0,
    0x3f, 0xfc, 0x0, 0x7, 0xff, 0xc0, 0x1, 0xfd,
    0xf8, 0x0, 0x3f, 0xbf, 0x80, 0xf, 0xf7, 0xf8,
    0x3, 0xfe, 0x7f, 0xc1, 0xff, 0xc7, 0xff, 0xff,
    0xf8, 0x7f, 0xff, 0xff, 0x7, 0xff, 0xf7, 0xe0,
    0x7f, 0xfc, 0xfc, 0x1, 0xfc, 0x1f, 0x80,

    /* U+0065 "e" */
    0x0, 0x7f, 0x80, 0x0, 0x7f, 0xfc, 0x0, 0x7f,
    0xff, 0x80, 0x3f, 0xff, 0xf0, 0x1f, 0xff, 0xfe,
    0xf, 0xf0, 0x3f, 0xc3, 0xf0, 0x3, 0xf1, 0xf8,
    0x0, 0x7e, 0x7e, 0x0, 0xf, 0xbf, 0x0, 0x3,
    0xff, 0xc0, 0x0, 0xff, 0xff, 0xff, 0xff, 0xff,
    0xff, 0xff, 0xff, 0xff, 0xff, 0xff, 0xff, 0xff,
    0xff, 0xf0, 0x0, 0x0, 0xfc, 0x0, 0x0, 0x1f,
    0x80, 0x0, 0x7, 0xf0, 0x0, 0x0, 0xfe, 0x0,
    0x30, 0x3f, 0xe0, 0x3e, 0x7, 0xff, 0xff, 0xc0,
    0xff, 0xff, 0xf0, 0x1f, 0xff, 0xf8, 0x1, 0xff,
    0xf8, 0x0, 0xf, 0xf0, 0x0,

    /* U+0066 "f" */
    0x0, 0x3f, 0x80, 0x3f, 0xfc, 0xf, 0xff, 0x3,
    0xff, 0xe0, 0x7f, 0xfc, 0x1f, 0xc1, 0x3, 0xf0,
    0x0, 0x7e, 0x0, 0xf, 0xc0, 0x1, 0xf8, 0x3,
    0xff, 0xfe, 0x7f, 0xff, 0xcf, 0xff, 0xf9, 0xff,
    0xff, 0x3f, 0xff, 0xe0, 0x7e, 0x0, 0xf, 0xc0,
    0x1, 0xf8, 0x0, 0x3f, 0x0, 0x7, 0xe0, 0x0,
    0xfc, 0x0, 0x1f, 0x80, 0x3, 0xf0, 0x0, 0x7e,
    0x0, 0xf, 0xc0, 0x1, 0xf8, 0x0, 0x3f, 0x0,
    0x7, 0xe0, 0x0, 0xfc, 0x0, 0x1f, 0x80, 0x3,
    0xf0, 0x0, 0x7e, 0x0, 0xf, 0xc0, 0x1, 0xf8,
    0x0, 0x3f, 0x0, 0x7, 0xe0, 0x0,

    /* U+0067 "g" */
    0x0, 0x7f, 0x83, 0xf0, 0x3f, 0xff, 0x3f, 0x7,
    0xff, 0xfb, 0xf0, 0xff, 0xff, 0xff, 0x1f, 0xff,
    0xff, 0xf3, 0xfe, 0x7, 0xff, 0x7f, 0x80, 0x1f,
    0xf7, 0xf0, 0x0, 0xff, 0xfe, 0x0, 0x7, 0xff,
    0xc0, 0x0, 0x3f, 0xfc, 0x0, 0x3, 0xff, 0xc0,
    0x0, 0x3f, 0xfc, 0x0, 0x3, 0xff, 0xc0, 0x0,
    0x3f, 0xfc, 0x0, 0x3, 0xff, 0xe0, 0x0, 0x7f,
    0x7f, 0x0, 0xf, 0xf7, 0xf8, 0x1, 0xff, 0x3f,
    0xe0, 0x7f, 0xf1, 0xff, 0xff, 0xff, 0xf, 0xff,
    0xff, 0xf0, 0x7f, 0xff, 0xbf, 0x3, 0xff, 0xf3,
    0xf0, 0x7, 0xf8, 0x3f, 0x0, 0x0, 0x3, 0xf0,
    0x0, 0x0, 0x7f, 0x0, 0x0, 0x7, 0xe1, 0x80,
    0x0, 0xfe, 0x1e, 0x0, 0x1f, 0xe3, 0xfc, 0x7,
    0xfc, 0x3f, 0xff, 0xff, 0xc7, 0xff, 0xff, 0xf8,
    0x1f, 0xff, 0xfe, 0x0, 0x7f, 0xff, 0xc0, 0x0,
    0xff, 0xe0, 0x0,

    /* U+0068 "h" */
    0xfc, 0x0, 0x0, 0x7e, 0x0, 0x0, 0x3f, 0x0,
    0x0, 0x1f, 0x80, 0x0, 0xf, 0xc0, 0x0, 0x7,
    0xe0, 0x0, 0x3, 0xf0, 0x0, 0x1, 0xf8, 0x0,
    0x0, 0xfc, 0x0, 0x0, 0x7e, 0xf, 0xe0, 0x3f,
    0x3f, 0xfc, 0x1f, 0xbf, 0xff, 0x8f, 0xff, 0xff,
    0xe7, 0xff, 0xff, 0xf3, 0xff, 0x3, 0xfd, 0xfe,
    0x0, 0xfe, 0xfe, 0x0, 0x3f, 0xff, 0x0, 0x1f,
    0xff, 0x0, 0x7, 0xff, 0x80, 0x3, 0xff, 0xc0,
    0x1, 0xff, 0xe0, 0x0, 0xff, 0xf0, 0x0, 0x7f,
    0xf8, 0x0, 0x3f, 0xfc, 0x0, 0x1f, 0xfe, 0x0,
    0xf, 0xff, 0x0, 0x7, 0xff, 0x80, 0x3, 0xff,
    0xc0, 0x1, 0xff, 0xe0, 0x0, 0xff, 0xf0, 0x0,
    0x7f, 0xf8, 0x0, 0x3f, 0xfc, 0x0, 0x1f, 0xfe,
    0x0, 0xf, 0xff, 0x0, 0x7, 0xe0,

    /* U+0069 "i" */
    0x3c, 0x7e, 0xff, 0xff, 0xff, 0x7e, 0x3c, 0x0,
    0x0, 0x0, 0x0, 0x7e, 0x7e, 0x7e, 0x7e, 0x7e,
    0x7e, 0x7e, 0x7e, 0x7e, 0x7e, 0x7e, 0x7e, 0x7e,
    0x7e, 0x7e, 0x7e, 0x7e, 0x7e, 0x7e, 0x7e, 0x7e,
    0x7e, 0x7e, 0x7e, 0x7e, 0x7e,

    /* U+006A "j" */
    0x0, 0x3c, 0x0, 0x7e, 0x0, 0xff, 0x0, 0xff,
    0x0, 0xff, 0x0, 0x7e, 0x0, 0x3c, 0x0, 0x0,
    0x0, 0x0, 0x0, 0x0, 0x0, 0x0, 0x0, 0x0,
    0x0, 0x7e, 0x0, 0x7e, 0x0, 0x7e, 0x0, 0x7e,
    0x0, 0x7e, 0x0, 0x7e, 0x0, 0x7e, 0x0, 0x7e,
    0x0, 0x7e, 0x0, 0x7e, 0x0, 0x7e, 0x0, 0x7e,
    0x0, 0x7e, 0x0, 0x7e, 0x0, 0x7e, 0x0, 0x7e,
    0x0, 0x7e, 0x0, 0x7e, 0x0, 0x7e, 0x0, 0x7e,
    0x0, 0x7e, 0x0, 0x7e, 0x0, 0x7e, 0x0, 0x7e,
    0x0, 0x7e, 0x0, 0x7e, 0x0, 0x7e, 0x0, 0x7e,
    0x0, 0xfe, 0x21, 0xfc, 0x7f, 0xfc, 0x7f, 0xf8,
    0x7f, 0xf8, 0xff, 0xf0, 0x3f, 0xc0,

    /* U+006B "k" */
    0xfc, 0x0, 0x0, 0x1f, 0x80, 0x0, 0x3, 0xf0,
    0x0, 0x0, 0x7e, 0x0, 0x0, 0xf, 0xc0, 0x0,
    0x1, 0xf8, 0x0, 0x0, 0x3f, 0x0, 0x0, 0x7,
    0xe0, 0x0, 0x0, 0xfc, 0x0, 0x0, 0x1f, 0x80,
    0x7, 0xf3, 0xf0, 0x1, 0xfc, 0x7e, 0x0, 0x7f,
    0xf, 0xc0, 0x1f, 0xc1, 0xf8, 0x7, 0xf0, 0x3f,
    0x1, 0xfc, 0x7, 0xe0, 0x7f, 0x0, 0xfc, 0x3f,
    0xc0, 0x1f, 0x8f, 0xf0, 0x3, 0xf3, 0xfc, 0x0,
    0x7e, 0xff, 0x0, 0xf, 0xff, 0xe0, 0x1, 0xff,
    0xfe, 0x0, 0x3f, 0xff, 0xe0, 0x7, 0xff, 0xfe,
    0x0, 0xff, 0xdf, 0xc0, 0x1f, 0xf1, 0xfc, 0x3,
    0xfc, 0x1f, 0xc0, 0x7f, 0x3, 0xfc, 0xf, 0xc0,
    0x3f, 0xc1, 0xf8, 0x3, 0xf8, 0x3f, 0x0, 0x3f,
    0x87, 0xe0, 0x3, 0xf8, 0xfc, 0x0, 0x7f, 0x9f,
    0x80, 0x7, 0xf3, 0xf0, 0x0, 0x7f, 0x0,

    /* U+006C "l" */
    0xff, 0xff, 0xff, 0xff, 0xff, 0xff, 0xff, 0xff,
    0xff, 0xff, 0xff, 0xff, 0xff, 0xff, 0xff, 0xff,
    0xff, 0xff, 0xff, 0xff, 0xff, 0xff, 0xff, 0xff,
    0xff, 0xff, 0xc0,

    /* U+006D "m" */
    0xfc, 0x3f, 0x80, 0xf, 0xf0, 0x1f, 0x9f, 0xfe,
    0x7, 0xff, 0x83, 0xff, 0xff, 0xe3, 0xff, 0xfc,
    0x7f, 0xff, 0xfe, 0xff, 0xff, 0xcf, 0xff, 0xff,
    0xff, 0xff, 0xf9, 0xff, 0x83, 0xff, 0xe0, 0x7f,
    0xbf, 0xc0, 0x3f, 0xf0, 0x7, 0xf7, 0xf0, 0x3,
    0xfc, 0x0, 0x7f, 0xfe, 0x0, 0x7f, 0x80, 0xf,
    0xff, 0x80, 0x7, 0xe0, 0x0, 0xff, 0xf0, 0x0,
    0xfc, 0x0, 0x1f, 0xfe, 0x0, 0x1f, 0x80, 0x3,
    0xff, 0xc0, 0x3, 0xf0, 0x0, 0x7f, 0xf8, 0x0,
    0x7e, 0x0, 0xf, 0xff, 0x0, 0xf, 0xc0, 0x1,
    0xff, 0xe0, 0x1, 0xf8, 0x0, 0x3f, 0xfc, 0x0,
    0x3f, 0x0, 0x7, 0xff, 0x80, 0x7, 0xe0, 0x0,
    0xff, 0xf0, 0x0, 0xfc, 0x0, 0x1f, 0xfe, 0x0,
    0x1f, 0x80, 0x3, 0xff, 0xc0, 0x3, 0xf0, 0x0,
    0x7f, 0xf8, 0x0, 0x7e, 0x0, 0xf, 0xff, 0x0,
    0xf, 0xc0, 0x1, 0xff, 0xe0, 0x1, 0xf8, 0x0,
    0x3f, 0xfc, 0x0, 0x3f, 0x0, 0x7, 0xff, 0x80,
    0x7, 0xe0, 0x0, 0xfc,

    /* U+006E "n" */
    0xfc, 0x1f, 0xc0, 0x7e, 0x7f, 0xf8, 0x3f, 0x7f,
    0xff, 0x1f, 0xff, 0xff, 0xcf, 0xff, 0xff, 0xe7,
    0xfe, 0x7, 0xfb, 0xfc, 0x1, 0xfd, 0xfc, 0x0,
    0x7f, 0xfe, 0x0, 0x3f, 0xfe, 0x0, 0xf, 0xff,
    0x0, 0x7, 0xff, 0x80, 0x3, 0xff, 0xc0, 0x1,
    0xff, 0xe0, 0x0, 0xff, 0xf0, 0x0, 0x7f, 0xf8,
    0x0, 0x3f, 0xfc, 0x0, 0x1f, 0xfe, 0x0, 0xf,
    0xff, 0x0, 0x7, 0xff, 0x80, 0x3, 0xff, 0xc0,
    0x1, 0xff, 0xe0, 0x0, 0xff, 0xf0, 0x0, 0x7f,
    0xf8, 0x0, 0x3f, 0xfc, 0x0, 0x1f, 0xfe, 0x0,
    0xf, 0xc0,

    /* U+006F "o" */
    0x0, 0x7f, 0xc0, 0x0, 0x3f, 0xfe, 0x0, 0x1f,
    0xff, 0xf0, 0x7, 0xff, 0xff, 0x1, 0xff, 0xff,
    0xf0, 0x7f, 0xc1, 0xff, 0xf, 0xe0, 0xf, 0xe3,
    0xf8, 0x0, 0xfe, 0x7e, 0x0, 0xf, 0xdf, 0xc0,
    0x1, 0xff, 0xf0, 0x0, 0x1f, 0xfe, 0x0, 0x3,
    0xff, 0xc0, 0x0, 0x7f, 0xf8, 0x0, 0xf, 0xff,
    0x0, 0x1, 0xff, 0xe0, 0x0, 0x3f, 0xfe, 0x0,
    0xf, 0xef, 0xc0, 0x1, 0xf9, 0xfc, 0x0, 0x7f,
    0x1f, 0xc0, 0x1f, 0xc3, 0xfe, 0xf, 0xf8, 0x3f,
    0xff, 0xfe, 0x3, 0xff, 0xff, 0x80, 0x3f, 0xff,
    0xe0, 0x1, 0xff, 0xf0, 0x0, 0xf, 0xf8, 0x0,

    /* U+0070 "p" */
    0xfc, 0x3f, 0xc0, 0x1f, 0x9f, 0xff, 0x3, 0xf7,
    0xff, 0xf0, 0x7f, 0xff, 0xff, 0xf, 0xff, 0xff,
    0xf1, 0xff, 0xc1, 0xff, 0x3f, 0xe0, 0xf, 0xf7,
    0xf8, 0x0, 0xfe, 0xfe, 0x0, 0xf, 0xdf, 0x80,
    0x1, 0xff, 0xf0, 0x0, 0x1f, 0xfe, 0x0, 0x3,
    0xff, 0xc0, 0x0, 0x7f, 0xf8, 0x0, 0xf, 0xff,
    0x0, 0x1, 0xff, 0xe0, 0x0, 0x3f, 0xfc, 0x0,
    0xf, 0xff, 0xc0, 0x1, 0xfb, 0xfc, 0x0, 0x7f,
    0x7f, 0xc0, 0x1f, 0xef, 0xfe, 0xf, 0xf9, 0xff,
    0xff, 0xfe, 0x3f, 0xff, 0xff, 0x87, 0xef, 0xff,
    0xe0, 0xfc, 0xff, 0xf8, 0x1f, 0x83, 0xf8, 0x3,
    0xf0, 0x0, 0x0, 0x7e, 0x0, 0x0, 0xf, 0xc0,
    0x0, 0x1, 0xf8, 0x0, 0x0, 0x3f, 0x0, 0x0,
    0x7, 0xe0, 0x0, 0x0, 0xfc, 0x0, 0x0, 0x1f,
    0x80, 0x0, 0x3, 0xf0, 0x0, 0x0, 0x0,

    /* U+0071 "q" */
    0x0, 0x7f, 0x87, 0xe0, 0x7f, 0xfc, 0xfc, 0x1f,
    0xff, 0xdf, 0x87, 0xff, 0xff, 0xf1, 0xff, 0xff,
    0xfe, 0x7f, 0xc1, 0xff, 0xdf, 0xe0, 0xf, 0xfb,
    0xf8, 0x0, 0xff, 0x7e, 0x0, 0xf, 0xff, 0xc0,
    0x1, 0xff, 0xf0, 0x0, 0x1f, 0xfe, 0x0, 0x3,
    0xff, 0xc0, 0x0, 0x7f, 0xf8, 0x0, 0xf, 0xff,
    0x0, 0x1, 0xff, 0xe0, 0x0, 0x3f, 0xfe, 0x0,
    0xf, 0xef, 0xc0, 0x1, 0xfd, 0xfc, 0x0, 0x7f,
    0xbf, 0xc0, 0x1f, 0xf3, 0xfe, 0xf, 0xfe, 0x3f,
    0xff, 0xff, 0xc3, 0xff, 0xff, 0xf8, 0x3f, 0xff,
    0xbf, 0x3, 0xff, 0xe7, 0xe0, 0xf, 0xe0, 0xfc,
    0x0, 0x0, 0x1f, 0x80, 0x0, 0x3, 0xf0, 0x0,
    0x0, 0x7e, 0x0, 0x0, 0xf, 0xc0, 0x0, 0x1,
    0xf8, 0x0, 0x0, 0x3f, 0x0, 0x0, 0x7, 0xe0,
    0x0, 0x0, 0xfc, 0x0, 0x0, 0x1f, 0x80,

    /* U+0072 "r" */
    0xfc, 0x1f, 0xf9, 0xff, 0xf7, 0xff, 0xff, 0xff,
    0xff, 0xff, 0xfc, 0x3f, 0xe0, 0x7f, 0x80, 0xfe,
    0x1, 0xfc, 0x3, 0xf0, 0x7, 0xe0, 0xf, 0xc0,
    0x1f, 0x80, 0x3f, 0x0, 0x7e, 0x0, 0xfc, 0x1,
    0xf8, 0x3, 0xf0, 0x7, 0xe0, 0xf, 0xc0, 0x1f,
    0x80, 0x3f, 0x0, 0x7e, 0x0, 0xfc, 0x1, 0xf8,
    0x0,

    /* U+0073 "s" */
    0x0, 0xff, 0x80, 0xf, 0xff, 0xf0, 0x3f, 0xff,
    0xf0, 0xff, 0xff, 0xe3, 0xff, 0xff, 0x8f, 0xf0,
    0x1f, 0x1f, 0xc0, 0x4, 0x3f, 0x0, 0x0, 0x7e,
    0x0, 0x0, 0xfe, 0x0, 0x1, 0xff, 0x80, 0x1,
    0xff, 0xf8, 0x1, 0xff, 0xfe, 0x1, 0xff, 0xff,
    0x0, 0x7f, 0xff, 0x0, 0x7, 0xff, 0x0, 0x0,
    0xfe, 0x0, 0x0, 0xfc, 0x0, 0x1, 0xf9, 0x80,
    0x3, 0xf3, 0xe0, 0x1f, 0xef, 0xff, 0xff, 0x9f,
    0xff, 0xfe, 0x3f, 0xff, 0xf8, 0x1f, 0xff, 0xe0,
    0x7, 0xfe, 0x0,

    /* U+0074 "t" */
    0xf, 0xc0, 0x1, 0xf8, 0x0, 0x3f, 0x0, 0x7,
    0xe0, 0x0, 0xfc, 0x0, 0x1f, 0x80, 0x3f, 0xff,
    0xe7, 0xff, 0xfc, 0xff, 0xff, 0x9f, 0xff, 0xf3,
    0xff, 0xfe, 0x7, 0xe0, 0x0, 0xfc, 0x0, 0x1f,
    0x80, 0x3, 0xf0, 0x0, 0x7e, 0x0, 0xf, 0xc0,
    0x1, 0xf8, 0x0, 0x3f, 0x0, 0x7, 0xe0, 0x0,
    0xfc, 0x0, 0x1f, 0x80, 0x3, 0xf0, 0x0, 0x7e,
    0x0, 0xf, 0xc0, 0x1, 0xfc, 0x0, 0x3f, 0xc2,
    0x3, 0xff, 0xe0, 0x7f, 0xfc, 0x7, 0xff, 0x80,
    0x7f, 0xf0, 0x3, 0xf8,

    /* U+0075 "u" */
    0xfc, 0x0, 0x1f, 0xfe, 0x0, 0xf, 0xff, 0x0,
    0x7, 0xff, 0x80, 0x3, 0xff, 0xc0, 0x1, 0xff,
    0xe0, 0x0, 0xff, 0xf0, 0x0, 0x7f, 0xf8, 0x0,
    0x3f, 0xfc, 0x0, 0x1f, 0xfe, 0x0, 0xf, 0xff,
    0x0, 0x7, 0xff, 0x80, 0x3, 0xff, 0xc0, 0x1,
    0xff, 0xe0, 0x0, 0xff, 0xf0, 0x0, 0x7f, 0xf8,
    0x0, 0x3f, 0xfc, 0x0, 0x1f, 0xff, 0x0, 0x1f,
    0xff, 0x80, 0xf, 0xef, 0xe0, 0xf, 0xf7, 0xf8,
    0x1f, 0xf9, 0xff, 0xff, 0xfc, 0xff, 0xff, 0xfe,
    0x3f, 0xff, 0xbf, 0x7, 0xff, 0x9f, 0x80, 0xff,
    0xf, 0xc0,

    /* U+0076 "v" */
    0xfc, 0x0, 0x3, 0xff, 0xe0, 0x0, 0x3e, 0x7e,
    0x0, 0x7, 0xe7, 0xe0, 0x0, 0x7c, 0x3f, 0x0,
    0xf, 0xc3, 0xf0, 0x0, 0xfc, 0x1f, 0x80, 0x1f,
    0x81, 0xf8, 0x1, 0xf8, 0x1f, 0xc0, 0x1f, 0x0,
    0xfc, 0x3, 0xf0, 0xf, 0xc0, 0x3f, 0x0, 0x7e,
    0x7, 0xe0, 0x7, 0xe0, 0x7e, 0x0, 0x7f, 0xf,
    0xc0, 0x3, 0xf0, 0xfc, 0x0, 0x3f, 0xf, 0x80,
    0x1, 0xf9, 0xf8, 0x0, 0x1f, 0x9f, 0x80, 0x0,
    0xff, 0xf0, 0x0, 0xf, 0xff, 0x0, 0x0, 0xff,
    0xe0, 0x0, 0x7, 0xfe, 0x0, 0x0, 0x7f, 0xc0,
    0x0, 0x3, 0xfc, 0x0, 0x0, 0x3f, 0xc0, 0x0,
    0x1, 0xf8, 0x0,

    /* U+0077 "w" */
    0xfc, 0x0, 0x1f, 0x80, 0x3, 0xf7, 0xc0, 0x1,
    0xf8, 0x0, 0x3e, 0x7e, 0x0, 0x1f, 0xc0, 0x3,
    0xe7, 0xe0, 0x3, 0xfc, 0x0, 0x7e, 0x3e, 0x0,
    0x3f, 0xc0, 0x7, 0xc3, 0xf0, 0x3, 0xfe, 0x0,
    0x7c, 0x1f, 0x0, 0x7f, 0xe0, 0xf, 0xc1, 0xf0,
    0x7, 0xfe, 0x0, 0xf8, 0x1f, 0x80, 0x7f, 0xf0,
    0x1f, 0x80, 0xf8, 0xf, 0xdf, 0x1, 0xf0, 0xf,
    0xc0, 0xf9, 0xf0, 0x1f, 0x0, 0xfc, 0x1f, 0x9f,
    0x83, 0xf0, 0x7, 0xc1, 0xf0, 0xf8, 0x3e, 0x0,
    0x7e, 0x1f, 0xf, 0xc3, 0xe0, 0x7, 0xe3, 0xf0,
    0xfc, 0x7e, 0x0, 0x3e, 0x3e, 0x7, 0xc7, 0xc0,
    0x3, 0xf3, 0xe0, 0x7e, 0x7c, 0x0, 0x1f, 0x7e,
    0x3, 0xef, 0xc0, 0x1, 0xf7, 0xc0, 0x3e, 0xf8,
    0x0, 0x1f, 0xfc, 0x3, 0xff, 0x80, 0x0, 0xff,
    0x80, 0x1f, 0xf0, 0x0, 0xf, 0xf8, 0x1, 0xff,
    0x0, 0x0, 0xff, 0x80, 0x1f, 0xf0, 0x0, 0x7,
    0xf0, 0x0, 0xfe, 0x0, 0x0, 0x7f, 0x0, 0xf,
    0xe0, 0x0, 0x7, 0xf0, 0x0, 0x7e, 0x0,

    /* U+0078 "x" */
    0x7f, 0x0, 0xf, 0xc7, 0xf0, 0x3, 0xf0, 0x7e,
    0x0, 0xfe, 0xf, 0xe0, 0x3f, 0x80, 0xfe, 0x7,
    0xe0, 0xf, 0xe1, 0xf8, 0x0, 0xfc, 0x7f, 0x0,
    0x1f, 0xdf, 0xc0, 0x1, 0xff, 0xf0, 0x0, 0x1f,
    0xfc, 0x0, 0x1, 0xff, 0x80, 0x0, 0x1f, 0xe0,
    0x0, 0x3, 0xf8, 0x0, 0x0, 0x7f, 0x80, 0x0,
    0x1f, 0xf0, 0x0, 0x7, 0xff, 0x0, 0x0, 0xff,
    0xf0, 0x0, 0x3f, 0x7f, 0x0, 0xf, 0xe7, 0xe0,
    0x3, 0xf8, 0x7e, 0x0, 0x7e, 0xf, 0xe0, 0x1f,
    0x80, 0xfe, 0x7, 0xf0, 0xf, 0xc1, 0xfc, 0x1,
    0xfc, 0x3f, 0x0, 0x1f, 0xcf, 0xc0, 0x1, 0xfc,

    /* U+0079 "y" */
    0x7e, 0x0, 0x1, 0xfb, 0xf8, 0x0, 0xf, 0x8f,
    0xc0, 0x0, 0xfc, 0x7f, 0x0, 0x7, 0xc1, 0xf8,
    0x0, 0x7e, 0xf, 0xc0, 0x3, 0xf0, 0x3f, 0x0,
    0x3f, 0x1, 0xf8, 0x1, 0xf8, 0xf, 0xe0, 0x1f,
    0x80, 0x3f, 0x0, 0xfc, 0x1, 0xfc, 0x7, 0xc0,
    0x7, 0xe0, 0x7e, 0x0, 0x3f, 0x3, 0xe0, 0x0,
    0xfc, 0x3f, 0x0, 0x7, 0xe1, 0xf8, 0x0, 0x1f,
    0x9f, 0x80, 0x0, 0xfc, 0xfc, 0x0, 0x7, 0xe7,
    0xc0, 0x0, 0x1f, 0xfe, 0x0, 0x0, 0xff, 0xe0,
    0x0, 0x3, 0xff, 0x0, 0x0, 0x1f, 0xf8, 0x0,
    0x0, 0x7f, 0x80, 0x0, 0x3, 0xfc, 0x0, 0x0,
    0xf, 0xc0, 0x0, 0x0, 0x7e, 0x0, 0x0, 0x7,
    0xe0, 0x0, 0x0, 0x3f, 0x0, 0x2, 0x3, 0xf0,
    0x0, 0x1c, 0x3f, 0x80, 0x1, 0xff, 0xf8, 0x0,
    0xf, 0xff, 0xc0, 0x0, 0xff, 0xfc, 0x0, 0x3,
    0xff, 0xc0, 0x0, 0x3, 0xf0, 0x0, 0x0,

    /* U+007A "z" */
    0x7f, 0xff, 0xfd, 0xff, 0xff, 0xf7, 0xff, 0xff,
    0xdf, 0xff, 0xff, 0x7f, 0xff, 0xfc, 0x0, 0xf,
    0xe0, 0x0, 0x7f, 0x0, 0x3, 0xf8, 0x0, 0xf,
    0xc0, 0x0, 0x7f, 0x0, 0x3, 0xf8, 0x0, 0x1f,
    0xc0, 0x0, 0xfe, 0x0, 0x7, 0xf0, 0x0, 0x3f,
    0x80, 0x0, 0xfe, 0x0, 0x7, 0xf0, 0x0, 0x3f,
    0x80, 0x1, 0xfc, 0x0, 0xf, 0xe0, 0x0, 0x7f,
    0x80, 0x3, 0xff, 0xff, 0xff, 0xff, 0xff, 0xff,
    0xff, 0xff, 0xff, 0xff, 0xff, 0xff, 0xff, 0xf0,

    /* U+007B "{" */
    0x0, 0x7e, 0x3, 0xfc, 0xf, 0xf8, 0x3f, 0xf0,
    0xff, 0xe1, 0xfc, 0x3, 0xf0, 0x7, 0xe0, 0xf,
    0xc0, 0x1f, 0x80, 0x3f, 0x0, 0x7e, 0x0, 0xfc,
    0x1, 0xf8, 0x3, 0xf0, 0x7, 0xe0, 0xf, 0xc0,
    0x1f, 0x80, 0x3f, 0x0, 0xfe, 0xf, 0xfc, 0x1f,
    0xf0, 0x3f, 0x80, 0x7f, 0xc0, 0xff, 0xc0, 0x3f,
    0x80, 0x3f, 0x0, 0x7e, 0x0, 0xfc, 0x1, 0xf8,
    0x3, 0xf0, 0x7, 0xe0, 0xf, 0xc0, 0x1f, 0x80,
    0x3f, 0x0, 0x7e, 0x0, 0xfc, 0x1, 0xf8, 0x3,
    0xf0, 0x7, 0xf0, 0xf, 0xfe, 0xf, 0xfc, 0xf,
    0xf8, 0xf, 0xf0, 0x7, 0xe0,

    /* U+007C "|" */
    0xff, 0xff, 0xff, 0xff, 0xff, 0xff, 0xff, 0xff,
    0xff, 0xff, 0xff, 0xff, 0xff, 0xff, 0xff, 0xff,
    0xff, 0xff, 0xff, 0xff, 0xff, 0xff, 0xff, 0xff,
    0xff, 0xff, 0xff, 0xff, 0xff, 0xff, 0xff, 0xff,
    0xff, 0xfc,

    /* U+007D "}" */
    0xfc, 0x1, 0xfe, 0x3, 0xfe, 0x7, 0xfe, 0xf,
    0xfc, 0x1, 0xfc, 0x1, 0xf8, 0x3, 0xf0, 0x7,
    0xe0, 0xf, 0xc0, 0x1f, 0x80, 0x3f, 0x0, 0x7e,
    0x0, 0xfc, 0x1, 0xf8, 0x3, 0xf0, 0x7, 0xe0,
    0xf, 0xc0, 0x1f, 0x80, 0x3f, 0x80, 0x7f, 0xe0,
    0x7f, 0xc0, 0x3f, 0x81, 0xff, 0x7, 0xfe, 0xf,
    0xe0, 0x1f, 0x80, 0x3f, 0x0, 0x7e, 0x0, 0xfc,
    0x1, 0xf8, 0x3, 0xf0, 0x7, 0xe0, 0xf, 0xc0,
    0x1f, 0x80, 0x3f, 0x0, 0x7e, 0x0, 0xfc, 0x1,
    0xf8, 0x7, 0xf0, 0xff, 0xe1, 0xff, 0x83, 0xfe,
    0x7, 0xf8, 0xf, 0xc0, 0x0,

    /* U+007E "~" */
    0xf, 0x80, 0x1e, 0x7f, 0xc0, 0x3c, 0xff, 0xe0,
    0xfb, 0xff, 0xe1, 0xf7, 0xff, 0xff, 0xdf, 0xf,
    0xff, 0xbc, 0xf, 0xfe, 0x78, 0x7, 0xfc, 0xf0,
    0x3, 0xe0,

    /* U+00A0 " " */
    0x0,

    /* U+00A1 "¡" */
    0x3c, 0x7e, 0xff, 0xff, 0xff, 0x7e, 0x3c, 0x0,
    0x0, 0x0, 0x0, 0x3e, 0x7e, 0x7e, 0x7e, 0x7e,
    0x7e, 0x7e, 0x7e, 0x7e, 0x7e, 0x7e, 0x7e, 0x7e,
    0x7e, 0x7e, 0x7e, 0x7e, 0x7e, 0x7f, 0xff, 0xff,
    0xff,

    /* U+00A2 "¢" */
    0x0, 0x1e, 0x0, 0x0, 0x1e, 0x0, 0x0, 0x1e,
    0x0, 0x0, 0x1e, 0x0, 0x0, 0x1e, 0x0, 0x0,
    0x1e, 0x0, 0x0, 0xff, 0xe0, 0x3, 0xff, 0xf8,
    0xf, 0xff, 0xfc, 0x1f, 0xff, 0xfe, 0x3f, 0xff,
    0xff, 0x3f, 0x9e, 0x7f, 0x7f, 0x1e, 0x1c, 0x7e,
    0x1e, 0x18, 0x7e, 0x1e, 0x0, 0xfc, 0x1e, 0x0,
    0xfc, 0x1e, 0x0, 0xfc, 0x1e, 0x0, 0xfc, 0x1e,
    0x0, 0xfc, 0x1e, 0x0, 0xfc, 0x1e, 0x0, 0xfc,
    0x1e, 0x0, 0x7e, 0x1e, 0x0, 0x7e, 0x1e, 0x18,
    0x7f, 0x1e, 0x1c, 0x3f, 0x9e, 0x7f, 0x3f, 0xff,
    0xff, 0x1f, 0xff, 0xfe, 0xf, 0xff, 0xfc, 0x3,
    0xff, 0xf8, 0x0, 0xff, 0xe0, 0x0, 0x1e, 0x0,
    0x0, 0x1e, 0x0, 0x0, 0x1e, 0x0, 0x0, 0x1e,
    0x0, 0x0, 0x1e, 0x0, 0x0, 0x1e, 0x0,

    /* U+00A3 "£" */
    0x0, 0x1, 0xff, 0x80, 0x0, 0x3f, 0xff, 0xe0,
    0x3, 0xff, 0xff, 0xc0, 0x1f, 0xff, 0xfe, 0x0,
    0xff, 0xff, 0xf8, 0x7, 0xfc, 0x3, 0xc0, 0x3f,
    0xc0, 0x1, 0x0, 0xfe, 0x0, 0x0, 0x3, 0xf0,
    0x0, 0x0, 0x1f, 0xc0, 0x0, 0x0, 0x7e, 0x0,
    0x0, 0x1, 0xf8, 0x0, 0x0, 0x7, 0xe0, 0x0,
    0x0, 0x1f, 0x80, 0x0, 0x0, 0x7e, 0x0, 0x0,
    0x3f, 0xff, 0xff, 0x80, 0xff, 0xff, 0xfe, 0x3,
    0xff, 0xff, 0xf8, 0xf, 0xff, 0xff, 0xe0, 0x1,
    0xf8, 0x0, 0x0, 0x7, 0xe0, 0x0, 0x0, 0x1f,
    0x80, 0x0, 0x0, 0x7e, 0x0, 0x0, 0x1, 0xf8,
    0x0, 0x0, 0x7, 0xe0, 0x0, 0x0, 0x1f, 0x80,
    0x0, 0x0, 0x7e, 0x0, 0x0, 0x1, 0xf8, 0x0,
    0x0, 0x7, 0xe0, 0x0, 0x3, 0xff, 0xff, 0xff,
    0xef, 0xff, 0xff, 0xff, 0xbf, 0xff, 0xff, 0xfe,
    0xff, 0xff, 0xff, 0xfb, 0xff, 0xff, 0xff, 0xe0,

    /* U+00A4 "¤" */
    0x0, 0x0, 0x0, 0x0, 0x18, 0x0, 0x0, 0x18,
    0x3c, 0x0, 0x0, 0x3c, 0x7e, 0xf, 0xe0, 0x7e,
    0x7f, 0x3f, 0xfc, 0xfe, 0x3f, 0xff, 0xff, 0xfc,
    0x1f, 0xff, 0xff, 0xf8, 0xf, 0xff, 0xff, 0xf0,
    0x7, 0xf8, 0x1f, 0xe0, 0x7, 0xe0, 0x7, 0xe0,
    0xf, 0xc0, 0x3, 0xf0, 0xf, 0x80, 0x1, 0xf0,
    0x1f, 0x80, 0x1, 0xf8, 0x1f, 0x0, 0x0, 0xf8,
    0x1f, 0x0, 0x0, 0xf8, 0x1f, 0x0, 0x0, 0xf8,
    0x1f, 0x0, 0x0, 0xf8, 0x1f, 0x0, 0x0, 0xf8,
    0x1f, 0x80, 0x1, 0xf8, 0xf, 0x80, 0x1, 0xf0,
    0xf, 0xc0, 0x3, 0xf0, 0x7, 0xe0, 0x7, 0xe0,
    0x7, 0xf8, 0x1f, 0xe0, 0xf, 0xff, 0xff, 0xf0,
    0x1f, 0xff, 0xff, 0xf8, 0x3f, 0xff, 0xff, 0xfc,
    0x7f, 0xbf, 0xfd, 0xfe, 0xfe, 0xf, 0xf0, 0xff,
    0x7c, 0x0, 0x0, 0x7e, 0x38, 0x0, 0x0, 0x3c,
    0x10, 0x0, 0x0, 0x18,

    /* U+00A5 "¥" */
    0xfe, 0x0, 0x0, 0xf, 0xef, 0xe0, 0x0, 0x1,
    0xf8, 0xfc, 0x0, 0x0, 0x7e, 0x1f, 0xc0, 0x0,
    0xf, 0xc1, 0xfc, 0x0, 0x3, 0xf0, 0x1f, 0x80,
    0x0, 0xfc, 0x3, 0xf8, 0x0, 0x1f, 0x80, 0x3f,
    0x80, 0x7, 0xe0, 0x3, 0xf8, 0x1, 0xf8, 0x0,
    0x3f, 0x0, 0x3f, 0x0, 0x7, 0xf0, 0xf, 0xc0,
    0x0, 0x7f, 0x3, 0xf0, 0x0, 0x7, 0xe0, 0x7e,
    0x0, 0x0, 0xfe, 0x1f, 0x80, 0x0, 0xf, 0xe7,
    0xe0, 0x0, 0x0, 0xfc, 0xfc, 0x0, 0x0, 0xf,
    0xff, 0x0, 0x0, 0x1, 0xff, 0xe0, 0x0, 0x0,
    0x1f, 0xf8, 0x0, 0x3, 0xff, 0xff, 0xfe, 0x0,
    0x7f, 0xff, 0xff, 0xc0, 0xf, 0xff, 0xff, 0xf8,
    0x0, 0x0, 0x7e, 0x0, 0x0, 0x0, 0xf, 0xc0,
    0x0, 0x0, 0x1, 0xf8, 0x0, 0x0, 0x0, 0x3f,
    0x0, 0x0, 0x1f, 0xff, 0xff, 0xf0, 0x3, 0xff,
    0xff, 0xfe, 0x0, 0x7f, 0xff, 0xff, 0xc0, 0x0,
    0x3, 0xf0, 0x0, 0x0, 0x0, 0x7e, 0x0, 0x0,
    0x0, 0xf, 0xc0, 0x0, 0x0, 0x1, 0xf8, 0x0,
    0x0, 0x0, 0x3f, 0x0, 0x0,

    /* U+00A6 "¦" */
    0xff, 0xff, 0xff, 0xff, 0xff, 0xff, 0xff, 0xff,
    0xff, 0xff, 0xff, 0xff, 0xfc, 0x0, 0x0, 0x0,
    0x0, 0x0, 0x0, 0x0, 0x0, 0xff, 0xff, 0xff,
    0xff, 0xff, 0xff, 0xff, 0xff, 0xff, 0xff, 0xff,
    0xff, 0xfc,

    /* U+00A7 "§" */
    0x0, 0xff, 0x80, 0x3f, 0xff, 0x83, 0xff, 0xfe,
    0x3f, 0xff, 0xf3, 0xff, 0xff, 0x9f, 0xc0, 0x3d,
    0xfc, 0x0, 0x6f, 0xc0, 0x0, 0x7e, 0x0, 0x3,
    0xf0, 0x0, 0x1f, 0xc0, 0x0, 0x7f, 0x80, 0x3,
    0xff, 0xc0, 0xf, 0xff, 0xc0, 0xff, 0xff, 0xf,
    0xff, 0xfc, 0x7e, 0x1f, 0xf7, 0xe0, 0x1f, 0xfe,
    0x0, 0x7f, 0xf0, 0x1, 0xff, 0x80, 0xf, 0xfe,
    0x0, 0x7f, 0xf8, 0x7, 0xef, 0xfc, 0x7e, 0x3f,
    0xff, 0xf0, 0xff, 0xff, 0x1, 0xff, 0xf8, 0x1,
    0xff, 0xe0, 0x0, 0xff, 0x0, 0x1, 0xfc, 0x0,
    0x7, 0xe0, 0x0, 0x3f, 0x40, 0x1, 0xfb, 0x80,
    0x1f, 0xff, 0x1, 0xfd, 0xff, 0xff, 0xef, 0xff,
    0xfe, 0x3f, 0xff, 0xe0, 0x7f, 0xfe, 0x0, 0x7f,
    0x80,

    /* U+00A8 "¨" */
    0x78, 0x3d, 0xf8, 0xff, 0xf1, 0xff, 0xe3, 0xff,
    0xc7, 0xef, 0x7, 0x80,

    /* U+00A9 "©" */
    0x0, 0x7, 0xf8, 0x0, 0x0, 0xf, 0xff, 0xc0,
    0x0, 0xf, 0x80, 0x7c, 0x0, 0x7, 0x80, 0x7,
    0xc0, 0x7, 0x80, 0x0, 0x78, 0x3, 0xc0, 0x0,
    0xf, 0x1, 0xe0, 0x0, 0x1, 0xe0, 0x70, 0xf,
    0xe0, 0x38, 0x38, 0xf, 0xfe, 0x7, 0xe, 0xf,
    0xff, 0xc1, 0xc7, 0x7, 0xff, 0xf8, 0x39, 0xc3,
    0xf8, 0x3e, 0xe, 0x70, 0xfc, 0x6, 0x3, 0xb8,
    0x3e, 0x0, 0x0, 0x7e, 0x1f, 0x0, 0x0, 0x1f,
    0x87, 0xc0, 0x0, 0x7, 0xe1, 0xf0, 0x0, 0x1,
    0xf8, 0x7c, 0x0, 0x0, 0x7e, 0x1f, 0x0, 0x0,
    0x1f, 0x87, 0xc0, 0x0, 0x7, 0xe0, 0xf8, 0x0,
    0x1, 0xdc, 0x3f, 0x1, 0x80, 0xe7, 0xf, 0xe0,
    0xf8, 0x39, 0xc1, 0xff, 0xfe, 0xe, 0x38, 0x3f,
    0xff, 0x7, 0xe, 0x3, 0xff, 0x81, 0xc1, 0xc0,
    0x3f, 0x80, 0xe0, 0x78, 0x0, 0x0, 0x70, 0xf,
    0x0, 0x0, 0x3c, 0x1, 0xe0, 0x0, 0x1e, 0x0,
    0x3e, 0x0, 0x1e, 0x0, 0x3, 0xe0, 0x1f, 0x0,
    0x0, 0x3f, 0xff, 0x0, 0x0, 0x1, 0xfe, 0x0,
    0x0,

    /* U+00AA "ª" */
    0xf, 0xe0, 0xff, 0xf1, 0xff, 0xf3, 0x83, 0xe2,
    0x3, 0xe0, 0x3, 0xc0, 0x7, 0x8f, 0xff, 0x7f,
    0xff, 0xf0, 0x3f, 0xc0, 0x7f, 0x80, 0xff, 0x87,
    0xef, 0xff, 0xdf, 0xff, 0x8f, 0xcf,

    /* U+00AB "«" */
    0x3, 0xf0, 0xfc, 0xf, 0x83, 0xe0, 0x7c, 0x1f,
    0x3, 0xf0, 0xfc, 0x1f, 0x87, 0xe0, 0x7c, 0x1f,
    0x3, 0xe0, 0xf8, 0x1f, 0x87, 0xe0, 0xfc, 0x3f,
    0x3, 0xf0, 0xfc, 0x7, 0xe1, 0xf8, 0xf, 0x83,
    0xe0, 0x1f, 0x7, 0xc0, 0x7e, 0x1f, 0x80, 0xfc,
    0x3f, 0x1, 0xf0, 0x7c, 0x3, 0xe0, 0xf8, 0xf,
    0xc3, 0xf0,

    /* U+00AC "¬" */
    0xff, 0xff, 0xff, 0xff, 0xff, 0xff, 0xff, 0xff,
    0xff, 0xff, 0xff, 0xff, 0xff, 0xfc, 0x0, 0x1,
    0xf0, 0x0, 0x7, 0xc0, 0x0, 0x1f, 0x0, 0x0,
    0x7c, 0x0, 0x1, 0xf0, 0x0, 0x7, 0xc0, 0x0,
    0x1f, 0x0, 0x0, 0x7c, 0x0, 0x1, 0xf0,

    /* U+00AE "®" */
    0x0, 0x7, 0xf8, 0x0, 0x0, 0xf, 0xff, 0xc0,
    0x0, 0xf, 0x80, 0x7c, 0x0, 0x7, 0x80, 0x7,
    0xc0, 0x7, 0x80, 0x0, 0x78, 0x3, 0xc0, 0x0,
    0xf, 0x1, 0xe0, 0x0, 0x1, 0xe0, 0x70, 0x0,
    0x0, 0x38, 0x38, 0x3f, 0xfc, 0x7, 0xe, 0xf,
    0xff, 0x81, 0xc7, 0x3, 0xff, 0xf8, 0x39, 0xc0,
    0xf0, 0x3e, 0xe, 0x70, 0x3c, 0x7, 0xc3, 0xb8,
    0xf, 0x0, 0xf0, 0x7e, 0x3, 0xc0, 0x3c, 0x1f,
    0x80, 0xf0, 0xf, 0x7, 0xe0, 0x3c, 0x7, 0xc1,
    0xf8, 0xf, 0x3, 0xe0, 0x7e, 0x3, 0xff, 0xf8,
    0x1f, 0x80, 0xff, 0xfc, 0x7, 0xe0, 0x3f, 0xfc,
    0x1, 0xdc, 0xf, 0x7, 0x80, 0xe7, 0x3, 0xc1,
    0xf0, 0x39, 0xc0, 0xf0, 0x3c, 0xe, 0x38, 0x3c,
    0x7, 0x87, 0xe, 0xf, 0x1, 0xe1, 0xc1, 0xc3,
    0xc0, 0x3c, 0xe0, 0x78, 0x0, 0x0, 0x70, 0xf,
    0x0, 0x0, 0x3c, 0x1, 0xe0, 0x0, 0x1e, 0x0,
    0x3e, 0x0, 0x1e, 0x0, 0x3, 0xe0, 0x1f, 0x0,
    0x0, 0x3f, 0xff, 0x0, 0x0, 0x1, 0xfe, 0x0,
    0x0,

    /* U+00AF "¯" */
    0xff, 0xff, 0xff, 0xff, 0xff, 0xff, 0xe0,

    /* U+00B0 "°" */
    0x7, 0xe0, 0x1f, 0xf8, 0x3f, 0xfc, 0x7c, 0x3e,
    0x70, 0xe, 0xf0, 0xf, 0xe0, 0x7, 0xe0, 0x7,
    0xe0, 0x7, 0xe0, 0x7, 0xf0, 0xf, 0x70, 0xe,
    0x7c, 0x3e, 0x3f, 0xfc, 0x1f, 0xf8, 0x7, 0xe0,

    /* U+00B1 "±" */
    0x0, 0x7c, 0x0, 0x1, 0xf0, 0x0, 0x7, 0xc0,
    0x0, 0x1f, 0x0, 0x0, 0x7c, 0x0, 0x1, 0xf0,
    0x0, 0x7, 0xc0, 0x0, 0x1f, 0x0, 0xff, 0xff,
    0xff, 0xff, 0xff, 0xff, 0xff, 0xff, 0xff, 0xff,
    0xff, 0xff, 0xff, 0xfc, 0x1, 0xf0, 0x0, 0x7,
    0xc0, 0x0, 0x1f, 0x0, 0x0, 0x7c, 0x0, 0x1,
    0xf0, 0x0, 0x7, 0xc0, 0x0, 0x1f, 0x0, 0x0,
    0x7c, 0x0, 0x0, 0x0, 0x0, 0x0, 0x0, 0x0,
    0x0, 0x0, 0x0, 0x0, 0x3, 0xff, 0xff, 0xff,
    0xff, 0xff, 0xff, 0xff, 0xff, 0xff, 0xff, 0xff,
    0xff, 0xff, 0xf0,

    /* U+00B2 "²" */
    0x7, 0xf8, 0xf, 0xff, 0x1f, 0xff, 0xdf, 0xff,
    0xf7, 0x81, 0xf8, 0x0, 0x7c, 0x0, 0x3e, 0x0,
    0x1e, 0x0, 0x1f, 0x0, 0x3f, 0x0, 0x3e, 0x0,
    0x3e, 0x0, 0x7e, 0x0, 0x7c, 0x0, 0x7c, 0x0,
    0xff, 0xff, 0x7f, 0xff, 0xbf, 0xff, 0xdf, 0xff,
    0xe0,

    /* U+00B3 "³" */
    0x7f, 0xff, 0x9f, 0xff, 0xe7, 0xff, 0xf9, 0xff,
    0xfe, 0x0, 0x3e, 0x0, 0x1f, 0x0, 0xf, 0x80,
    0x7, 0xc0, 0x3, 0xfc, 0x0, 0xff, 0xc0, 0x7,
    0xf8, 0x0, 0x3f, 0x0, 0x7, 0xc0, 0x1, 0xf7,
    0x80, 0xfd, 0xff, 0xfe, 0xff, 0xff, 0x8f, 0xff,
    0x80, 0x7f, 0x80,

    /* U+00B4 "´" */
    0x1, 0xfc, 0xf, 0xe0, 0x7e, 0x3, 0xf0, 0x1f,
    0x80, 0xf8, 0x7, 0xc0, 0x0,

    /* U+00B5 "µ" */
    0xfc, 0x0, 0x1f, 0xfe, 0x0, 0xf, 0xff, 0x0,
    0x7, 0xff, 0x80, 0x3, 0xff, 0xc0, 0x1, 0xff,
    0xe0, 0x0, 0xff, 0xf0, 0x0, 0x7f, 0xf8, 0x0,
    0x3f, 0xfc, 0x0, 0x1f, 0xfe, 0x0, 0xf, 0xff,
    0x0, 0x7, 0xff, 0x80, 0x3, 0xff, 0xc0, 0x1,
    0xff, 0xe0, 0x0, 0xff, 0xf0, 0x0, 0x7f, 0xf8,
    0x0, 0x3f, 0xfc, 0x0, 0x1f, 0xff, 0x0, 0x1f,
    0xff, 0x80, 0xf, 0xff, 0xe0, 0xf, 0xff, 0xf8,
    0x1f, 0xff, 0xff, 0xff, 0xff, 0xff, 0xff, 0xff,
    0xff, 0xff, 0xff, 0xfd, 0xff, 0x9f, 0xfe, 0x3f,
    0xf, 0xff, 0x0, 0x0, 0x1f, 0x80, 0x0, 0xf,
    0xc0, 0x0, 0x7, 0xe0, 0x0, 0x3, 0xf0, 0x0,
    0x1, 0xf8, 0x0, 0x0, 0xfc, 0x0, 0x0, 0x7e,
    0x0, 0x0, 0x3f, 0x0, 0x0, 0x0,

    /* U+00B6 "¶" */
    0x1, 0xff, 0xff, 0xe1, 0xff, 0xff, 0xfc, 0x7f,
    0xff, 0xff, 0x9f, 0xff, 0xff, 0xf7, 0xff, 0xff,
    0xfe, 0xff, 0xfc, 0x7, 0xff, 0xff, 0x80, 0xff,
    0xff, 0xf0, 0x1f, 0xff, 0xfe, 0x3, 0xff, 0xff,
    0xc0, 0x7f, 0xff, 0xf8, 0xf, 0xff, 0xff, 0x1,
    0xf7, 0xff, 0xe0, 0x3e, 0xff, 0xfc, 0x7, 0xcf,
    0xff, 0x80, 0xf9, 0xff, 0xf0, 0x1f, 0xf, 0xfe,
    0x3, 0xe0, 0xff, 0xc0, 0x7c, 0x0, 0xf8, 0xf,
    0x80, 0x1f, 0x1, 0xf0, 0x3, 0xe0, 0x3e, 0x0,
    0x7c, 0x7, 0xc0, 0xf, 0x80, 0xf8, 0x1, 0xf0,
    0x1f, 0x0, 0x3e, 0x3, 0xe0, 0x7, 0xc0, 0x7c,
    0x0, 0xf8, 0xf, 0x80, 0x1f, 0x1, 0xf0, 0x3,
    0xe0, 0x3e, 0x0, 0x7c, 0x7, 0xc0, 0xf, 0x80,
    0xf8, 0x1, 0xf0, 0x1f, 0x0, 0x3e, 0x3, 0xe0,
    0x7, 0xc0, 0x7c, 0x0, 0xf8, 0xf, 0x80, 0x1f,
    0x1, 0xf0, 0x3, 0xe0, 0x3e, 0x0, 0x7c, 0x7,
    0xc0, 0xf, 0x80, 0xf8, 0x1, 0xf0, 0x1f, 0x0,
    0x3e, 0x3, 0xe0,

    /* U+00B7 "·" */
    0x3c, 0x7e, 0xff, 0xff, 0xff, 0xff, 0x7e, 0x3c,

    /* U+00B8 "¸" */
    0xe, 0x1, 0xc0, 0x38, 0xf, 0xc1, 0xfc, 0x7,
    0xc0, 0x7a, 0x1f, 0x7f, 0xff, 0xf9, 0xfc, 0x0,

    /* U+00B9 "¹" */
    0xff, 0xc3, 0xff, 0xf, 0xfc, 0x3f, 0xf0, 0x7,
    0xc0, 0x1f, 0x0, 0x7c, 0x1, 0xf0, 0x7, 0xc0,
    0x1f, 0x0, 0x7c, 0x1, 0xf0, 0x7, 0xc0, 0x1f,
    0x0, 0x7c, 0x3f, 0xff, 0xff, 0xff, 0xff, 0xff,
    0xff, 0xc0,

    /* U+00BA "º" */
    0x3, 0xf0, 0x3, 0xff, 0x3, 0xff, 0xf1, 0xff,
    0xfe, 0x7c, 0xf, 0xbe, 0x1, 0xff, 0x0, 0x3f,
    0xc0, 0xf, 0xf0, 0x3, 0xfc, 0x0, 0xff, 0x80,
    0x7d, 0xf0, 0x3e, 0x7f, 0xff, 0x8f, 0xff, 0xc0,
    0xff, 0xc0, 0xf, 0xc0,

    /* U+00BB "»" */
    0x7c, 0x1f, 0x0, 0x7c, 0x1f, 0x0, 0xfc, 0x3f,
    0x0, 0xfc, 0x3e, 0x0, 0xf8, 0x3e, 0x1, 0xf8,
    0x7e, 0x1, 0xf8, 0x7e, 0x1, 0xf8, 0x7e, 0x1,
    0xf0, 0x7c, 0x3, 0xe0, 0xf8, 0xf, 0xc3, 0xf0,
    0x3f, 0xf, 0xc0, 0x7c, 0x3f, 0x1, 0xf0, 0x7c,
    0x7, 0xe1, 0xf8, 0x1f, 0x87, 0xe0, 0x3e, 0xf,
    0x80, 0xf8, 0x3e, 0x0,

    /* U+00BC "¼" */
    0xff, 0x80, 0x0, 0x3, 0xc0, 0x7, 0xfc, 0x0,
    0x0, 0x3e, 0x0, 0x3f, 0xe0, 0x0, 0x3, 0xe0,
    0x0, 0xf, 0x0, 0x0, 0x1e, 0x0, 0x0, 0x78,
    0x0, 0x1, 0xf0, 0x0, 0x3, 0xc0, 0x0, 0x1f,
    0x0, 0x0, 0x1e, 0x0, 0x0, 0xf0, 0x0, 0x0,
    0xf0, 0x0, 0xf, 0x80, 0x0, 0x7, 0x80, 0x0,
    0xf8, 0x0, 0x0, 0x3c, 0x0, 0xf, 0x80, 0x0,
    0x1, 0xe0, 0x0, 0x7c, 0x0, 0x0, 0xf, 0x0,
    0x7, 0xc0, 0x0, 0x0, 0x78, 0x0, 0x7c, 0x0,
    0x0, 0x3, 0xc0, 0x3, 0xc0, 0xf, 0x80, 0x1e,
    0x0, 0x3e, 0x0, 0xf8, 0x0, 0xf0, 0x3, 0xe0,
    0x7, 0x80, 0xff, 0xfc, 0x1e, 0x0, 0x7c, 0x7,
    0xff, 0xe1, 0xf0, 0x7, 0xc0, 0x3f, 0xff, 0x1f,
    0x0, 0x3c, 0x0, 0x0, 0x0, 0xf0, 0x3, 0xe0,
    0x0, 0x0, 0xf, 0x80, 0x3e, 0x0, 0x0, 0x0,
    0xf8, 0x1, 0xe0, 0x0, 0x0, 0x7, 0x80, 0x1f,
    0x1e, 0x0, 0x0, 0x7c, 0x1, 0xf0, 0xf0, 0x0,
    0x7, 0xc0, 0x1f, 0x7, 0x80, 0x0, 0x7c, 0x0,
    0xf8, 0x3c, 0x0, 0x3, 0xc0, 0xf, 0xff, 0xfe,
    0x0, 0x3e, 0x0, 0x7f, 0xff, 0xf0, 0x3, 0xe0,
    0x3, 0xff, 0xff, 0x80, 0x1e, 0x0, 0x0, 0x3,
    0xc0, 0x1, 0xf0, 0x0, 0x0, 0x1e, 0x0, 0x1f,
    0x0, 0x0, 0x0, 0xf0, 0x0, 0xf0, 0x0, 0x0,
    0x7, 0x80, 0xf, 0x80, 0x0, 0x0, 0x3c, 0x0,

    /* U+00BD "½" */
    0xff, 0x80, 0x0, 0x3, 0xe0, 0xf, 0xf8, 0x0,
    0x0, 0x3c, 0x0, 0xff, 0x80, 0x0, 0x7, 0x80,
    0x0, 0x78, 0x0, 0x0, 0xf8, 0x0, 0x7, 0x80,
    0x0, 0x1f, 0x0, 0x0, 0x78, 0x0, 0x1, 0xe0,
    0x0, 0x7, 0x80, 0x0, 0x3e, 0x0, 0x0, 0x78,
    0x0, 0x7, 0xc0, 0x0, 0x7, 0x80, 0x0, 0x78,
    0x0, 0x0, 0x78, 0x0, 0xf, 0x0, 0x0, 0x7,
    0x80, 0x1, 0xf0, 0x0, 0x0, 0x78, 0x0, 0x3e,
    0x0, 0x0, 0x7, 0x80, 0x3, 0xc0, 0x0, 0x0,
    0x78, 0x0, 0x7c, 0x1f, 0xe0, 0x7, 0x80, 0xf,
    0x87, 0xff, 0x80, 0x78, 0x0, 0xf1, 0xff, 0xfc,
    0xff, 0xfc, 0x1e, 0xf, 0x3, 0xcf, 0xff, 0xc3,
    0xe0, 0x60, 0x1e, 0xff, 0xfc, 0x7c, 0x0, 0x1,
    0xe0, 0x0, 0x7, 0x80, 0x0, 0x1e, 0x0, 0x0,
    0xf8, 0x0, 0x3, 0xe0, 0x0, 0x1f, 0x0, 0x0,
    0x3c, 0x0, 0x1, 0xe0, 0x0, 0x7, 0xc0, 0x0,
    0x3c, 0x0, 0x0, 0xf8, 0x0, 0x7, 0xc0, 0x0,
    0x1f, 0x0, 0x0, 0xf8, 0x0, 0x3, 0xe0, 0x0,
    0xf, 0x0, 0x0, 0xfc, 0x0, 0x1, 0xf0, 0x0,
    0x1f, 0x80, 0x0, 0x3e, 0x0, 0x3, 0xf0, 0x0,
    0x7, 0xc0, 0x0, 0x7e, 0x0, 0x0, 0x78, 0x0,
    0xf, 0xff, 0xf0, 0xf, 0x80, 0x0, 0xff, 0xff,
    0x1, 0xf0, 0x0, 0xf, 0xff, 0xf0,

    /* U+00BE "¾" */
    0x7f, 0xff, 0x80, 0x0, 0x78, 0x0, 0x7f, 0xff,
    0x80, 0x0, 0xf8, 0x0, 0x7f, 0xff, 0x80, 0x1,
    0xf0, 0x0, 0x0, 0x1f, 0x0, 0x1, 0xe0, 0x0,
    0x0, 0x3e, 0x0, 0x3, 0xe0, 0x0, 0x0, 0x7c,
    0x0, 0x7, 0xc0, 0x0, 0x0, 0xf8, 0x0, 0x7,
    0x80, 0x0, 0x1, 0xf0, 0x0, 0xf, 0x80, 0x0,
    0x1, 0xfc, 0x0, 0x1f, 0x0, 0x0, 0x1, 0xff,
    0x0, 0x1e, 0x0, 0x0, 0x1, 0xff, 0x80, 0x3e,
    0x0, 0x0, 0x0, 0xf, 0xc0, 0x7c, 0x0, 0x0,
    0x0, 0x7, 0xc0, 0x78, 0x0, 0x0, 0x0, 0x3,
    0xc0, 0xf8, 0x0, 0x0, 0x0, 0x3, 0xc1, 0xf0,
    0x3, 0xc0, 0x20, 0x3, 0xc1, 0xe0, 0x7, 0xc0,
    0x78, 0xf, 0x83, 0xe0, 0xf, 0x80, 0x7f, 0xff,
    0x7, 0xc0, 0xf, 0x0, 0x7f, 0xfe, 0x7, 0x80,
    0x1f, 0x0, 0xf, 0xf8, 0xf, 0x80, 0x3e, 0x0,
    0x0, 0x0, 0x1f, 0x0, 0x7c, 0x0, 0x0, 0x0,
    0x1e, 0x0, 0x78, 0x0, 0x0, 0x0, 0x3e, 0x0,
    0xf8, 0xf0, 0x0, 0x0, 0x7c, 0x1, 0xf0, 0xf0,
    0x0, 0x0, 0x78, 0x3, 0xe0, 0xf0, 0x0, 0x0,
    0xf8, 0x3, 0xe0, 0xf0, 0x0, 0x1, 0xf0, 0x7,
    0xff, 0xff, 0x0, 0x1, 0xe0, 0x7, 0xff, 0xff,
    0x0, 0x3, 0xe0, 0x7, 0xff, 0xff, 0x0, 0x7,
    0xc0, 0x0, 0x0, 0xf0, 0x0, 0x7, 0x80, 0x0,
    0x0, 0xf0, 0x0, 0xf, 0x80, 0x0, 0x0, 0xf0,
    0x0, 0x1f, 0x0, 0x0, 0x0, 0xf0, 0x0, 0x1e,
    0x0, 0x0, 0x0, 0xf0,

    /* U+00BF "¿" */
    0x0, 0x78, 0x0, 0x0, 0x7e, 0x0, 0x0, 0x7f,
    0x80, 0x0, 0x3f, 0xc0, 0x0, 0x1f, 0xe0, 0x0,
    0x7, 0xe0, 0x0, 0x1, 0xe0, 0x0, 0x0, 0x0,
    0x0, 0x0, 0x0, 0x0, 0x0, 0x0, 0x0, 0x0,
    0x0, 0x0, 0x0, 0x1f, 0x80, 0x0, 0xf, 0xc0,
    0x0, 0xf, 0xe0, 0x0, 0x7, 0xe0, 0x0, 0x7,
    0xf0, 0x0, 0x7, 0xf0, 0x0, 0x7, 0xf0, 0x0,
    0xf, 0xf0, 0x0, 0x7, 0xf0, 0x0, 0x7, 0xf0,
    0x0, 0x7, 0xf0, 0x0, 0x3, 0xf0, 0x0, 0x1,
    0xf8, 0x0, 0x0, 0xfc, 0x0, 0x0, 0x7e, 0x0,
    0xe, 0x3f, 0x80, 0xf, 0x8f, 0xf0, 0x1f, 0xf7,
    0xff, 0xff, 0xf1, 0xff, 0xff, 0xf0, 0x7f, 0xff,
    0xe0, 0x1f, 0xff, 0xc0, 0x1, 0xff, 0x80, 0x0,

    /* U+00C0 "À" */
    0x0, 0x7f, 0x0, 0x0, 0x0, 0x3, 0xf8, 0x0,
    0x0, 0x0, 0xf, 0xc0, 0x0, 0x0, 0x0, 0x7e,
    0x0, 0x0, 0x0, 0x3, 0xf0, 0x0, 0x0, 0x0,
    0x1f, 0x80, 0x0, 0x0, 0x0, 0x7c, 0x0, 0x0,
    0x0, 0x0, 0x0, 0x0, 0x0, 0x0, 0x0, 0x0,
    0x0, 0x0, 0x1f, 0x80, 0x0, 0x0, 0x3, 0xfc,
    0x0, 0x0, 0x0, 0x3f, 0xc0, 0x0, 0x0, 0x7,
    0xfe, 0x0, 0x0, 0x0, 0x7f, 0xe0, 0x0, 0x0,
    0xf, 0xfe, 0x0, 0x0, 0x0, 0xff, 0xf0, 0x0,
    0x0, 0xf, 0xbf, 0x0, 0x0, 0x1, 0xf9, 0xf8,
    0x0, 0x0, 0x1f, 0x9f, 0x80, 0x0, 0x3, 0xf0,
    0xfc, 0x0, 0x0, 0x3f, 0xf, 0xc0, 0x0, 0x7,
    0xe0, 0x7e, 0x0, 0x0, 0x7e, 0x7, 0xe0, 0x0,
    0xf, 0xc0, 0x7f, 0x0, 0x0, 0xfc, 0x3, 0xf0,
    0x0, 0xf, 0xc0, 0x3f, 0x0, 0x1, 0xf8, 0x1,
    0xf8, 0x0, 0x1f, 0x80, 0x1f, 0x80, 0x3, 0xf0,
    0x0, 0xfc, 0x0, 0x3f, 0x0, 0xf, 0xc0, 0x7,
    0xff, 0xff, 0xfe, 0x0, 0x7f, 0xff, 0xff, 0xe0,
    0xf, 0xff, 0xff, 0xff, 0x0, 0xff, 0xff, 0xff,
    0xf0, 0xf, 0xff, 0xff, 0xff, 0x1, 0xf8, 0x0,
    0x1, 0xf8, 0x1f, 0x80, 0x0, 0x1f, 0x83, 0xf0,
    0x0, 0x1, 0xfc, 0x3f, 0x0, 0x0, 0xf, 0xc7,
    0xf0, 0x0, 0x0, 0xfe, 0x7e, 0x0, 0x0, 0x7,
    0xef, 0xe0, 0x0, 0x0, 0x7f, 0xfc, 0x0, 0x0,
    0x7, 0xf0,

    /* U+00C1 "Á" */
    0x0, 0x0, 0xf, 0xe0, 0x0, 0x0, 0x1, 0xfc,
    0x0, 0x0, 0x0, 0x3f, 0x0, 0x0, 0x0, 0x7,
    0xe0, 0x0, 0x0, 0x0, 0xfc, 0x0, 0x0, 0x0,
    0x1f, 0x0, 0x0, 0x0, 0x3, 0xe0, 0x0, 0x0,
    0x0, 0x0, 0x0, 0x0, 0x0, 0x0, 0x0, 0x0,
    0x0, 0x0, 0x1f, 0x80, 0x0, 0x0, 0x3, 0xfc,
    0x0, 0x0, 0x0, 0x3f, 0xc0, 0x0, 0x0, 0x7,
    0xfe, 0x0, 0x0, 0x0, 0x7f, 0xe0, 0x0, 0x0,
    0xf, 0xfe, 0x0, 0x0, 0x0, 0xff, 0xf0, 0x0,
    0x0, 0xf, 0xbf, 0x0, 0x0, 0x1, 0xf9, 0xf8,
    0x0, 0x0, 0x1f, 0x9f, 0x80, 0x0, 0x3, 0xf0,
    0xfc, 0x0, 0x0, 0x3f, 0xf, 0xc0, 0x0, 0x7,
    0xe0, 0x7e, 0x0, 0x0, 0x7e, 0x7, 0xe0, 0x0,
    0xf, 0xc0, 0x7f, 0x0, 0x0, 0xfc, 0x3, 0xf0,
    0x0, 0xf, 0xc0, 0x3f, 0x0, 0x1, 0xf8, 0x1,
    0xf8, 0x0, 0x1f, 0x80, 0x1f, 0x80, 0x3, 0xf0,
    0x0, 0xfc, 0x0, 0x3f, 0x0, 0xf, 0xc0, 0x7,
    0xff, 0xff, 0xfe, 0x0, 0x7f, 0xff, 0xff, 0xe0,
    0xf, 0xff, 0xff, 0xff, 0x0, 0xff, 0xff, 0xff,
    0xf0, 0xf, 0xff, 0xff, 0xff, 0x1, 0xf8, 0x0,
    0x1, 0xf8, 0x1f, 0x80, 0x0, 0x1f, 0x83, 0xf0,
    0x0, 0x1, 0xfc, 0x3f, 0x0, 0x0, 0xf, 0xc7,
    0xf0, 0x0, 0x0, 0xfe, 0x7e, 0x0, 0x0, 0x7,
    0xef, 0xe0, 0x0, 0x0, 0x7f, 0xfc, 0x0, 0x0,
    0x7, 0xf0,

    /* U+00C2 "Â" */
    0x0, 0x1, 0xf8, 0x0, 0x0, 0x0, 0x3f, 0xc0,
    0x0, 0x0, 0x7, 0xfe, 0x0, 0x0, 0x0, 0xf9,
    0xf0, 0x0, 0x0, 0x1f, 0xf, 0x80, 0x0, 0x3,
    0xe0, 0x7c, 0x0, 0x0, 0x7c, 0x3, 0xe0, 0x0,
    0x0, 0x0, 0x0, 0x0, 0x0, 0x0, 0x0, 0x0,
    0x0, 0x0, 0x1f, 0x80, 0x0, 0x0, 0x3, 0xfc,
    0x0, 0x0, 0x0, 0x3f, 0xc0, 0x0, 0x0, 0x7,
    0xfe, 0x0, 0x0, 0x0, 0x7f, 0xe0, 0x0, 0x0,
    0xf, 0xfe, 0x0, 0x0, 0x0, 0xff, 0xf0, 0x0,
    0x0, 0xf, 0xbf, 0x0, 0x0, 0x1, 0xf9, 0xf8,
    0x0, 0x0, 0x1f, 0x9f, 0x80, 0x0, 0x3, 0xf0,
    0xfc, 0x0, 0x0, 0x3f, 0xf, 0xc0, 0x0, 0x7,
    0xe0, 0x7e, 0x0, 0x0, 0x7e, 0x7, 0xe0, 0x0,
    0xf, 0xc0, 0x7f, 0x0, 0x0, 0xfc, 0x3, 0xf0,
    0x0, 0xf, 0xc0, 0x3f, 0x0, 0x1, 0xf8, 0x1,
    0xf8, 0x0, 0x1f, 0x80, 0x1f, 0x80, 0x3, 0xf0,
    0x0, 0xfc, 0x0, 0x3f, 0x0, 0xf, 0xc0, 0x7,
    0xff, 0xff, 0xfe, 0x0, 0x7f, 0xff, 0xff, 0xe0,
    0xf, 0xff, 0xff, 0xff, 0x0, 0xff, 0xff, 0xff,
    0xf0, 0xf, 0xff, 0xff, 0xff, 0x1, 0xf8, 0x0,
    0x1, 0xf8, 0x1f, 0x80, 0x0, 0x1f, 0x83, 0xf0,
    0x0, 0x1, 0xfc, 0x3f, 0x0, 0x0, 0xf, 0xc7,
    0xf0, 0x0, 0x0, 0xfe, 0x7e, 0x0, 0x0, 0x7,
    0xef, 0xe0, 0x0, 0x0, 0x7f, 0xfc, 0x0, 0x0,
    0x7, 0xf0,

    /* U+00C3 "Ã" */
    0x0, 0xf, 0x80, 0xe0, 0x0, 0x1, 0xfe, 0xe,
    0x0, 0x0, 0x3f, 0xf1, 0xe0, 0x0, 0x3, 0xff,
    0xfc, 0x0, 0x0, 0x7c, 0x7f, 0xc0, 0x0, 0x7,
    0x83, 0xf8, 0x0, 0x0, 0x78, 0xf, 0x0, 0x0,
    0x0, 0x0, 0x0, 0x0, 0x0, 0x0, 0x0, 0x0,
    0x0, 0x0, 0x1f, 0xc0, 0x0, 0x0, 0x1, 0xfc,
    0x0, 0x0, 0x0, 0x3f, 0xe0, 0x0, 0x0, 0x3,
    0xfe, 0x0, 0x0, 0x0, 0x3f, 0xe0, 0x0, 0x0,
    0x7, 0xff, 0x0, 0x0, 0x0, 0x7d, 0xf0, 0x0,
    0x0, 0xf, 0xdf, 0x80, 0x0, 0x0, 0xfd, 0xf8,
    0x0, 0x0, 0x1f, 0x8f, 0xc0, 0x0, 0x1, 0xf8,
    0xfc, 0x0, 0x0, 0x3f, 0x7, 0xc0, 0x0, 0x3,
    0xf0, 0x7e, 0x0, 0x0, 0x7e, 0x7, 0xe0, 0x0,
    0x7, 0xe0, 0x3f, 0x0, 0x0, 0x7e, 0x3, 0xf0,
    0x0, 0xf, 0xc0, 0x1f, 0x80, 0x0, 0xfc, 0x1,
    0xf8, 0x0, 0x1f, 0x80, 0x1f, 0x80, 0x1, 0xf8,
    0x0, 0xfc, 0x0, 0x3f, 0x80, 0xf, 0xc0, 0x3,
    0xff, 0xff, 0xfe, 0x0, 0x7f, 0xff, 0xff, 0xe0,
    0x7, 0xff, 0xff, 0xff, 0x0, 0xff, 0xff, 0xff,
    0xf0, 0xf, 0xff, 0xff, 0xff, 0x1, 0xfc, 0x0,
    0x1, 0xf8, 0x1f, 0x80, 0x0, 0x1f, 0x81, 0xf8,
    0x0, 0x1, 0xfc, 0x3f, 0x0, 0x0, 0xf, 0xc3,
    0xf0, 0x0, 0x0, 0xfe, 0x7f, 0x0, 0x0, 0x7,
    0xe7, 0xe0, 0x0, 0x0, 0x7e, 0xfe, 0x0, 0x0,
    0x7, 0xf0,

    /* U+00C4 "Ä" */
    0x0, 0xf, 0x7, 0x80, 0x0, 0x0, 0xfc, 0x7e,
    0x0, 0x0, 0x7, 0xe3, 0xf0, 0x0, 0x0, 0x3f,
    0x1f, 0x80, 0x0, 0x1, 0xf8, 0xfc, 0x0, 0x0,
    0x7, 0x83, 0xc0, 0x0, 0x0, 0x0, 0x0, 0x0,
    0x0, 0x0, 0x0, 0x0, 0x0, 0x0, 0x0, 0x0,
    0x0, 0x0, 0x0, 0xf, 0xe0, 0x0, 0x0, 0x0,
    0x7f, 0x0, 0x0, 0x0, 0x3, 0xf8, 0x0, 0x0,
    0x0, 0x3f, 0xe0, 0x0, 0x0, 0x1, 0xff, 0x0,
    0x0, 0x0, 0x1f, 0xfc, 0x0, 0x0, 0x0, 0xfb,
    0xe0, 0x0, 0x0, 0xf, 0xdf, 0x80, 0x0, 0x0,
    0x7e, 0xfc, 0x0, 0x0, 0x7, 0xe3, 0xf0, 0x0,
    0x0, 0x3f, 0x1f, 0x80, 0x0, 0x3, 0xf0, 0x7e,
    0x0, 0x0, 0x1f, 0x83, 0xf0, 0x0, 0x0, 0xf8,
    0x1f, 0x80, 0x0, 0xf, 0xc0, 0x7e, 0x0, 0x0,
    0x7e, 0x3, 0xf0, 0x0, 0x7, 0xe0, 0xf, 0xc0,
    0x0, 0x3f, 0x0, 0x7e, 0x0, 0x3, 0xf0, 0x1,
    0xf8, 0x0, 0x1f, 0x80, 0xf, 0xc0, 0x1, 0xf8,
    0x0, 0x7f, 0x0, 0xf, 0xff, 0xff, 0xf8, 0x0,
    0x7f, 0xff, 0xff, 0xe0, 0x7, 0xff, 0xff, 0xff,
    0x0, 0x3f, 0xff, 0xff, 0xf8, 0x3, 0xff, 0xff,
    0xff, 0xe0, 0x1f, 0x80, 0x0, 0x3f, 0x1, 0xf8,
    0x0, 0x1, 0xfc, 0xf, 0xc0, 0x0, 0x7, 0xe0,
    0xfe, 0x0, 0x0, 0x3f, 0x87, 0xe0, 0x0, 0x0,
    0xfc, 0x7f, 0x0, 0x0, 0x7, 0xf3, 0xf0, 0x0,
    0x0, 0x1f, 0x9f, 0x80, 0x0, 0x0, 0xfc,

    /* U+00C5 "Å" */
    0x0, 0x0, 0xf8, 0x0, 0x0, 0x0, 0xf, 0xe0,
    0x0, 0x0, 0x0, 0xe3, 0x80, 0x0, 0x0, 0xe,
    0xe, 0x0, 0x0, 0x0, 0x70, 0x70, 0x0, 0x0,
    0x3, 0x83, 0x80, 0x0, 0x0, 0x1c, 0x1c, 0x0,
    0x0, 0x0, 0xe0, 0xe0, 0x0, 0x0, 0x3, 0x8e,
    0x0, 0x0, 0x0, 0xf, 0xe0, 0x0, 0x0, 0x0,
    0x3e, 0x0, 0x0, 0x0, 0x0, 0x0, 0x0, 0x0,
    0x0, 0x0, 0x0, 0x0, 0x0, 0x0, 0x7c, 0x0,
    0x0, 0x0, 0x7, 0xf0, 0x0, 0x0, 0x0, 0x3f,
    0x80, 0x0, 0x0, 0x3, 0xfe, 0x0, 0x0, 0x0,
    0x1f, 0xf0, 0x0, 0x0, 0x1, 0xff, 0xc0, 0x0,
    0x0, 0xf, 0xbe, 0x0, 0x0, 0x0, 0x7d, 0xf8,
    0x0, 0x0, 0x7, 0xef, 0xc0, 0x0, 0x0, 0x3e,
    0x3e, 0x0, 0x0, 0x3, 0xf1, 0xf8, 0x0, 0x0,
    0x1f, 0x7, 0xc0, 0x0, 0x1, 0xf8, 0x3f, 0x0,
    0x0, 0xf, 0x80, 0xf8, 0x0, 0x0, 0xfc, 0x7,
    0xe0, 0x0, 0x7, 0xe0, 0x3f, 0x0, 0x0, 0x7e,
    0x0, 0xfc, 0x0, 0x3, 0xf0, 0x7, 0xe0, 0x0,
    0x1f, 0x0, 0x1f, 0x80, 0x1, 0xf8, 0x0, 0xfc,
    0x0, 0xf, 0x80, 0x7, 0xe0, 0x0, 0xff, 0xff,
    0xff, 0x80, 0x7, 0xff, 0xff, 0xfc, 0x0, 0x7f,
    0xff, 0xff, 0xf0, 0x3, 0xff, 0xff, 0xff, 0x80,
    0x3f, 0xff, 0xff, 0xfe, 0x1, 0xf8, 0x0, 0x3,
    0xf0, 0x1f, 0xc0, 0x0, 0x1f, 0xc0, 0xfc, 0x0,
    0x0, 0x7e, 0xf, 0xe0, 0x0, 0x3, 0xf8, 0x7e,
    0x0, 0x0, 0xf, 0xc3, 0xf0, 0x0, 0x0, 0x7f,
    0x3f, 0x0, 0x0, 0x1, 0xf9, 0xf8, 0x0, 0x0,
    0xf, 0xc0,

    /* U+00C6 "Æ" */
    0x0, 0x0, 0xf, 0xff, 0xff, 0xff, 0x80, 0x0,
    0xf, 0xff, 0xff, 0xff, 0xc0, 0x0, 0xf, 0xff,
    0xff, 0xff, 0xe0, 0x0, 0x7, 0xff, 0xff, 0xff,
    0xf0, 0x0, 0x7, 0xff, 0xff, 0xff, 0xf8, 0x0,
    0x3, 0xf7, 0xe0, 0x0, 0x0, 0x0, 0x3, 0xf3,
    0xf0, 0x0, 0x0, 0x0, 0x1, 0xf9, 0xf8, 0x0,
    0x0, 0x0, 0x1, 0xf8, 0xfc, 0x0, 0x0, 0x0,
    0x1, 0xf8, 0x7e, 0x0, 0x0, 0x0, 0x0, 0xfc,
    0x3f, 0x0, 0x0, 0x0, 0x0, 0xfc, 0x1f, 0x80,
    0x0, 0x0, 0x0, 0x7e, 0xf, 0xc0, 0x0, 0x0,
    0x0, 0x7e, 0x7, 0xe0, 0x0, 0x0, 0x0, 0x3f,
    0x3, 0xff, 0xff, 0xf8, 0x0, 0x3f, 0x1, 0xff,
    0xff, 0xfc, 0x0, 0x3f, 0x80, 0xff, 0xff, 0xfe,
    0x0, 0x1f, 0x80, 0x7f, 0xff, 0xff, 0x0, 0x1f,
    0x80, 0x3f, 0xff, 0xff, 0x80, 0xf, 0xc0, 0x1f,
    0x80, 0x0, 0x0, 0xf, 0xc0, 0xf, 0xc0, 0x0,
    0x0, 0x7, 0xff, 0xff, 0xe0, 0x0, 0x0, 0x7,
    0xff, 0xff, 0xf0, 0x0, 0x0, 0x7, 0xff, 0xff,
    0xf8, 0x0, 0x0, 0x3, 0xff, 0xff, 0xfc, 0x0,
    0x0, 0x3, 0xff, 0xff, 0xfe, 0x0, 0x0, 0x1,
    0xf8, 0x0, 0x3f, 0x0, 0x0, 0x1, 0xf8, 0x0,
    0x1f, 0x80, 0x0, 0x0, 0xfc, 0x0, 0xf, 0xc0,
    0x0, 0x0, 0xfc, 0x0, 0x7, 0xff, 0xff, 0xfc,
    0xfe, 0x0, 0x3, 0xff, 0xff, 0xfe, 0x7e, 0x0,
    0x1, 0xff, 0xff, 0xff, 0x7f, 0x0, 0x0, 0xff,
    0xff, 0xff, 0xbf, 0x0, 0x0, 0x7f, 0xff, 0xff,
    0xc0,

    /* U+00C7 "Ç" */
    0x0, 0x3, 0xfe, 0x0, 0x0, 0x3f, 0xff, 0xc0,
    0x0, 0xff, 0xff, 0xf0, 0x1, 0xff, 0xff, 0xfc,
    0x7, 0xff, 0xff, 0xfe, 0xf, 0xfe, 0x3, 0xfe,
    0xf, 0xf0, 0x0, 0xfc, 0x1f, 0xc0, 0x0, 0x38,
    0x3f, 0x80, 0x0, 0x10, 0x3f, 0x0, 0x0, 0x0,
    0x7f, 0x0, 0x0, 0x0, 0x7e, 0x0, 0x0, 0x0,
    0x7e, 0x0, 0x0, 0x0, 0xfc, 0x0, 0x0, 0x0,
    0xfc, 0x0, 0x0, 0x0, 0xfc, 0x0, 0x0, 0x0,
    0xfc, 0x0, 0x0, 0x0, 0xfc, 0x0, 0x0, 0x0,
    0xfc, 0x0, 0x0, 0x0, 0xfc, 0x0, 0x0, 0x0,
    0xfc, 0x0, 0x0, 0x0, 0x7e, 0x0, 0x0, 0x0,
    0x7e, 0x0, 0x0, 0x0, 0x7f, 0x0, 0x0, 0x0,
    0x3f, 0x0, 0x0, 0x0, 0x3f, 0x80, 0x0, 0x10,
    0x1f, 0xc0, 0x0, 0x38, 0xf, 0xf0, 0x0, 0xfc,
    0xf, 0xfe, 0x3, 0xfe, 0x7, 0xff, 0xff, 0xfe,
    0x1, 0xff, 0xff, 0xfc, 0x0, 0xff, 0xff, 0xf0,
    0x0, 0x3f, 0xff, 0xc0, 0x0, 0x7, 0xfe, 0x0,
    0x0, 0x0, 0xe0, 0x0, 0x0, 0x1, 0xe0, 0x0,
    0x0, 0x1, 0xf8, 0x0, 0x0, 0x1, 0xfc, 0x0,
    0x0, 0x0, 0x1e, 0x0, 0x0, 0x0, 0x1e, 0x0,
    0x0, 0x4, 0x3e, 0x0, 0x0, 0xf, 0xfe, 0x0,
    0x0, 0xf, 0xfc, 0x0, 0x0, 0x7, 0xf0, 0x0,

    /* U+00C8 "È" */
    0x1f, 0xc0, 0x0, 0x3, 0xf0, 0x0, 0x0, 0xfc,
    0x0, 0x0, 0x3f, 0x0, 0x0, 0xf, 0xc0, 0x0,
    0x1, 0xf0, 0x0, 0x0, 0x7c, 0x0, 0x0, 0x0,
    0x0, 0x0, 0x0, 0x0, 0x7f, 0xff, 0xff, 0xff,
    0xff, 0xff, 0xff, 0xff, 0xff, 0xff, 0xff, 0xff,
    0xff, 0xff, 0xff, 0xff, 0xf0, 0x0, 0x1, 0xf8,
    0x0, 0x0, 0xfc, 0x0, 0x0, 0x7e, 0x0, 0x0,
    0x3f, 0x0, 0x0, 0x1f, 0x80, 0x0, 0xf, 0xc0,
    0x0, 0x7, 0xe0, 0x0, 0x3, 0xf0, 0x0, 0x1,
    0xff, 0xff, 0xfc, 0xff, 0xff, 0xfe, 0x7f, 0xff,
    0xff, 0x3f, 0xff, 0xff, 0x9f, 0xff, 0xff, 0xcf,
    0xc0, 0x0, 0x7, 0xe0, 0x0, 0x3, 0xf0, 0x0,
    0x1, 0xf8, 0x0, 0x0, 0xfc, 0x0, 0x0, 0x7e,
    0x0, 0x0, 0x3f, 0x0, 0x0, 0x1f, 0x80, 0x0,
    0xf, 0xc0, 0x0, 0x7, 0xe0, 0x0, 0x3, 0xff,
    0xff, 0xff, 0xff, 0xff, 0xff, 0xff, 0xff, 0xff,
    0xff, 0xff, 0xff, 0xff, 0xff, 0xff, 0xe0,

    /* U+00C9 "É" */
    0x0, 0x3, 0xf8, 0x0, 0x3, 0xf8, 0x0, 0x3,
    0xf8, 0x0, 0x3, 0xf0, 0x0, 0x3, 0xf0, 0x0,
    0x3, 0xf0, 0x0, 0x3, 0xe0, 0x0, 0x0, 0x0,
    0x0, 0x0, 0x0, 0x0, 0x7f, 0xff, 0xff, 0xff,
    0xff, 0xff, 0xff, 0xff, 0xff, 0xff, 0xff, 0xff,
    0xff, 0xff, 0xff, 0xff, 0xf0, 0x0, 0x1, 0xf8,
    0x0, 0x0, 0xfc, 0x0, 0x0, 0x7e, 0x0, 0x0,
    0x3f, 0x0, 0x0, 0x1f, 0x80, 0x0, 0xf, 0xc0,
    0x0, 0x7, 0xe0, 0x0, 0x3, 0xf0, 0x0, 0x1,
    0xff, 0xff, 0xfc, 0xff, 0xff, 0xfe, 0x7f, 0xff,
    0xff, 0x3f, 0xff, 0xff, 0x9f, 0xff, 0xff, 0xcf,
    0xc0, 0x0, 0x7, 0xe0, 0x0, 0x3, 0xf0, 0x0,
    0x1, 0xf8, 0x0, 0x0, 0xfc, 0x0, 0x0, 0x7e,
    0x0, 0x0, 0x3f, 0x0, 0x0, 0x1f, 0x80, 0x0,
    0xf, 0xc0, 0x0, 0x7, 0xe0, 0x0, 0x3, 0xff,
    0xff, 0xff, 0xff, 0xff, 0xff, 0xff, 0xff, 0xff,
    0xff, 0xff, 0xff, 0xff, 0xff, 0xff, 0xe0,

    /* U+00CA "Ê" */
    0x0, 0x7e, 0x0, 0x0, 0x7f, 0x80, 0x0, 0x7f,
    0xe0, 0x0, 0x7e, 0xf8, 0x0, 0x7c, 0x3e, 0x0,
    0x7c, 0xf, 0x80, 0x7c, 0x3, 0xe0, 0x0, 0x0,
    0x0, 0x0, 0x0, 0x0, 0x7f, 0xff, 0xff, 0xff,
    0xff, 0xff, 0xff, 0xff, 0xff, 0xff, 0xff, 0xff,
    0xff, 0xff, 0xff, 0xff, 0xf0, 0x0, 0x1, 0xf8,
    0x0, 0x0, 0xfc, 0x0, 0x0, 0x7e, 0x0, 0x0,
    0x3f, 0x0, 0x0, 0x1f, 0x80, 0x0, 0xf, 0xc0,
    0x0, 0x7, 0xe0, 0x0, 0x3, 0xf0, 0x0, 0x1,
    0xff, 0xff, 0xfc, 0xff, 0xff, 0xfe, 0x7f, 0xff,
    0xff, 0x3f, 0xff, 0xff, 0x9f, 0xff, 0xff, 0xcf,
    0xc0, 0x0, 0x7, 0xe0, 0x0, 0x3, 0xf0, 0x0,
    0x1, 0xf8, 0x0, 0x0, 0xfc, 0x0, 0x0, 0x7e,
    0x0, 0x0, 0x3f, 0x0, 0x0, 0x1f, 0x80, 0x0,
    0xf, 0xc0, 0x0, 0x7, 0xe0, 0x0, 0x3, 0xff,
    0xff, 0xff, 0xff, 0xff, 0xff, 0xff, 0xff, 0xff,
    0xff, 0xff, 0xff, 0xff, 0xff, 0xff, 0xe0,

    /* U+00CB "Ë" */
    0x3, 0xc1, 0xe0, 0x3, 0xf1, 0xf8, 0x1, 0xf8,
    0xfc, 0x0, 0xfc, 0x7e, 0x0, 0x7e, 0x3f, 0x0,
    0x1e, 0xf, 0x0, 0x0, 0x0, 0x0, 0x0, 0x0,
    0x0, 0x0, 0x0, 0x0, 0x7f, 0xff, 0xff, 0xff,
    0xff, 0xff, 0xff, 0xff, 0xff, 0xff, 0xff, 0xff,
    0xff, 0xff, 0xff, 0xff, 0xf0, 0x0, 0x1, 0xf8,
    0x0, 0x0, 0xfc, 0x0, 0x0, 0x7e, 0x0, 0x0,
    0x3f, 0x0, 0x0, 0x1f, 0x80, 0x0, 0xf, 0xc0,
    0x0, 0x7, 0xe0, 0x0, 0x3, 0xf0, 0x0, 0x1,
    0xff, 0xff, 0xfc, 0xff, 0xff, 0xfe, 0x7f, 0xff,
    0xff, 0x3f, 0xff, 0xff, 0x9f, 0xff, 0xff, 0xcf,
    0xc0, 0x0, 0x7, 0xe0, 0x0, 0x3, 0xf0, 0x0,
    0x1, 0xf8, 0x0, 0x0, 0xfc, 0x0, 0x0, 0x7e,
    0x0, 0x0, 0x3f, 0x0, 0x0, 0x1f, 0x80, 0x0,
    0xf, 0xc0, 0x0, 0x7, 0xe0, 0x0, 0x3, 0xff,
    0xff, 0xff, 0xff, 0xff, 0xff, 0xff, 0xff, 0xff,
    0xff, 0xff, 0xff, 0xff, 0xff, 0xff, 0xe0,

    /* U+00CC "Ì" */
    0xfe, 0x1, 0xf8, 0x7, 0xe0, 0x1f, 0x80, 0x7e,
    0x0, 0xf8, 0x3, 0xe0, 0x0, 0x0, 0x0, 0x1f,
    0x80, 0xfc, 0x7, 0xe0, 0x3f, 0x1, 0xf8, 0xf,
    0xc0, 0x7e, 0x3, 0xf0, 0x1f, 0x80, 0xfc, 0x7,
    0xe0, 0x3f, 0x1, 0xf8, 0xf, 0xc0, 0x7e, 0x3,
    0xf0, 0x1f, 0x80, 0xfc, 0x7, 0xe0, 0x3f, 0x1,
    0xf8, 0xf, 0xc0, 0x7e, 0x3, 0xf0, 0x1f, 0x80,
    0xfc, 0x7, 0xe0, 0x3f, 0x1, 0xf8, 0xf, 0xc0,
    0x7e, 0x3, 0xf0, 0x1f, 0x80, 0xfc,

    /* U+00CD "Í" */
    0x3, 0xf8, 0x3f, 0x3, 0xf0, 0x3f, 0x3, 0xf0,
    0x3e, 0x3, 0xe0, 0x0, 0x0, 0x0, 0x3, 0xf0,
    0x1f, 0x80, 0xfc, 0x7, 0xe0, 0x3f, 0x1, 0xf8,
    0xf, 0xc0, 0x7e, 0x3, 0xf0, 0x1f, 0x80, 0xfc,
    0x7, 0xe0, 0x3f, 0x1, 0xf8, 0xf, 0xc0, 0x7e,
    0x3, 0xf0, 0x1f, 0x80, 0xfc, 0x7, 0xe0, 0x3f,
    0x1, 0xf8, 0xf, 0xc0, 0x7e, 0x3, 0xf0, 0x1f,
    0x80, 0xfc, 0x7, 0xe0, 0x3f, 0x1, 0xf8, 0xf,
    0xc0, 0x7e, 0x3, 0xf0, 0x1f, 0x80,

    /* U+00CE "Î" */
    0x3, 0xf0, 0x1, 0xfe, 0x0, 0xff, 0xc0, 0x7c,
    0xf8, 0x3e, 0x1f, 0x1f, 0x3, 0xef, 0x80, 0x7c,
    0x0, 0x0, 0x0, 0x0, 0x0, 0xfc, 0x0, 0x3f,
    0x0, 0xf, 0xc0, 0x3, 0xf0, 0x0, 0xfc, 0x0,
    0x3f, 0x0, 0xf, 0xc0, 0x3, 0xf0, 0x0, 0xfc,
    0x0, 0x3f, 0x0, 0xf, 0xc0, 0x3, 0xf0, 0x0,
    0xfc, 0x0, 0x3f, 0x0, 0xf, 0xc0, 0x3, 0xf0,
    0x0, 0xfc, 0x0, 0x3f, 0x0, 0xf, 0xc0, 0x3,
    0xf0, 0x0, 0xfc, 0x0, 0x3f, 0x0, 0xf, 0xc0,
    0x3, 0xf0, 0x0, 0xfc, 0x0, 0x3f, 0x0, 0xf,
    0xc0, 0x3, 0xf0, 0x0, 0xfc, 0x0, 0x3f, 0x0,
    0xf, 0xc0, 0x3, 0xf0, 0x0, 0xfc, 0x0, 0x3f,
    0x0,

    /* U+00CF "Ï" */
    0x78, 0x3d, 0xf8, 0xff, 0xf1, 0xff, 0xe3, 0xff,
    0xc7, 0xef, 0x7, 0x80, 0x0, 0x0, 0x0, 0x0,
    0x0, 0xf, 0xc0, 0x1f, 0x80, 0x3f, 0x0, 0x7e,
    0x0, 0xfc, 0x1, 0xf8, 0x3, 0xf0, 0x7, 0xe0,
    0xf, 0xc0, 0x1f, 0x80, 0x3f, 0x0, 0x7e, 0x0,
    0xfc, 0x1, 0xf8, 0x3, 0xf0, 0x7, 0xe0, 0xf,
    0xc0, 0x1f, 0x80, 0x3f, 0x0, 0x7e, 0x0, 0xfc,
    0x1, 0xf8, 0x3, 0xf0, 0x7, 0xe0, 0xf, 0xc0,
    0x1f, 0x80, 0x3f, 0x0, 0x7e, 0x0, 0xfc, 0x1,
    0xf8, 0x3, 0xf0, 0x7, 0xe0, 0xf, 0xc0, 0x1f,
    0x80,

    /* U+00D0 "Ð" */
    0x7, 0xff, 0xff, 0x80, 0x0, 0x1f, 0xff, 0xff,
    0xc0, 0x0, 0x7f, 0xff, 0xff, 0xc0, 0x1, 0xff,
    0xff, 0xff, 0xc0, 0x7, 0xff, 0xff, 0xff, 0x80,
    0x1f, 0x80, 0x7, 0xff, 0x0, 0x7e, 0x0, 0x3,
    0xfe, 0x1, 0xf8, 0x0, 0x3, 0xf8, 0x7, 0xe0,
    0x0, 0x7, 0xf0, 0x1f, 0x80, 0x0, 0xf, 0xc0,
    0x7e, 0x0, 0x0, 0x3f, 0x81, 0xf8, 0x0, 0x0,
    0x7e, 0x7, 0xe0, 0x0, 0x1, 0xf8, 0x1f, 0x80,
    0x0, 0x3, 0xff, 0xff, 0xff, 0x0, 0xf, 0xff,
    0xff, 0xfc, 0x0, 0x3f, 0xff, 0xff, 0xf0, 0x0,
    0xff, 0xff, 0xff, 0xc0, 0x3, 0xff, 0xff, 0xff,
    0x0, 0xf, 0xc1, 0xf8, 0x0, 0x0, 0x3f, 0x7,
    0xe0, 0x0, 0x0, 0xfc, 0x1f, 0x80, 0x0, 0x7,
    0xe0, 0x7e, 0x0, 0x0, 0x1f, 0x81, 0xf8, 0x0,
    0x0, 0xfe, 0x7, 0xe0, 0x0, 0x3, 0xf0, 0x1f,
    0x80, 0x0, 0x1f, 0xc0, 0x7e, 0x0, 0x0, 0xfe,
    0x1, 0xf8, 0x0, 0xf, 0xf8, 0x7, 0xe0, 0x1,
    0xff, 0xc0, 0x1f, 0xff, 0xff, 0xfe, 0x0, 0x7f,
    0xff, 0xff, 0xe0, 0x1, 0xff, 0xff, 0xff, 0x0,
    0x7, 0xff, 0xff, 0xf0, 0x0, 0x1f, 0xff, 0xfe,
    0x0, 0x0,

    /* U+00D1 "Ñ" */
    0x0, 0xf8, 0x7, 0x0, 0x7, 0xf8, 0x1c, 0x0,
    0x3f, 0xf8, 0xf0, 0x0, 0xff, 0xff, 0x80, 0x7,
    0xc7, 0xfe, 0x0, 0x1e, 0xf, 0xf0, 0x0, 0x78,
    0xf, 0x80, 0x0, 0x0, 0x0, 0x0, 0x0, 0x0,
    0x0, 0x3, 0xe0, 0x0, 0x3, 0xff, 0xc0, 0x0,
    0xf, 0xff, 0x80, 0x0, 0x3f, 0xff, 0x0, 0x0,
    0xff, 0xfc, 0x0, 0x3, 0xff, 0xf8, 0x0, 0xf,
    0xff, 0xf0, 0x0, 0x3f, 0xff, 0xe0, 0x0, 0xff,
    0xff, 0xc0, 0x3, 0xff, 0xff, 0x80, 0xf, 0xff,
    0xfe, 0x0, 0x3f, 0xff, 0xfc, 0x0, 0xff, 0xf7,
    0xf8, 0x3, 0xff, 0xcf, 0xf0, 0xf, 0xff, 0x1f,
    0xe0, 0x3f, 0xfc, 0x3f, 0xc0, 0xff, 0xf0, 0xff,
    0x83, 0xff, 0xc1, 0xfe, 0xf, 0xff, 0x3, 0xfc,
    0x3f, 0xfc, 0x7, 0xf8, 0xff, 0xf0, 0xf, 0xf3,
    0xff, 0xc0, 0x1f, 0xef, 0xff, 0x0, 0x7f, 0xff,
    0xfc, 0x0, 0xff, 0xff, 0xf0, 0x1, 0xff, 0xff,
    0xc0, 0x3, 0xff, 0xff, 0x0, 0x7, 0xff, 0xfc,
    0x0, 0x1f, 0xff, 0xf0, 0x0, 0x3f, 0xff, 0xc0,
    0x0, 0x7f, 0xff, 0x0, 0x0, 0xff, 0xfc, 0x0,
    0x1, 0xff, 0xf0, 0x0, 0x7, 0xff, 0xc0, 0x0,
    0xf, 0xc0,

    /* U+00D2 "Ò" */
    0x0, 0xff, 0x0, 0x0, 0x0, 0x3, 0xf8, 0x0,
    0x0, 0x0, 0x1f, 0xc0, 0x0, 0x0, 0x0, 0xfe,
    0x0, 0x0, 0x0, 0x3, 0xf0, 0x0, 0x0, 0x0,
    0x1f, 0x80, 0x0, 0x0, 0x0, 0xfc, 0x0, 0x0,
    0x0, 0x0, 0x0, 0x0, 0x0, 0x0, 0x0, 0x0,
    0x0, 0x0, 0x0, 0x0, 0x0, 0x0, 0x7, 0xfe,
    0x0, 0x0, 0x3, 0xff, 0xfc, 0x0, 0x0, 0xff,
    0xff, 0xf0, 0x0, 0x1f, 0xff, 0xff, 0x80, 0x7,
    0xff, 0xff, 0xfe, 0x0, 0xff, 0xc0, 0x3f, 0xf0,
    0xf, 0xf0, 0x0, 0xff, 0x1, 0xfc, 0x0, 0x3,
    0xf8, 0x3f, 0x80, 0x0, 0x1f, 0xc3, 0xf0, 0x0,
    0x0, 0xfc, 0x7f, 0x0, 0x0, 0xf, 0xe7, 0xe0,
    0x0, 0x0, 0x7e, 0x7e, 0x0, 0x0, 0x7, 0xef,
    0xc0, 0x0, 0x0, 0x3f, 0xfc, 0x0, 0x0, 0x3,
    0xff, 0xc0, 0x0, 0x0, 0x3f, 0xfc, 0x0, 0x0,
    0x3, 0xff, 0xc0, 0x0, 0x0, 0x3f, 0xfc, 0x0,
    0x0, 0x3, 0xff, 0xc0, 0x0, 0x0, 0x3f, 0xfc,
    0x0, 0x0, 0x3, 0xf7, 0xe0, 0x0, 0x0, 0x7e,
    0x7e, 0x0, 0x0, 0x7, 0xe7, 0xf0, 0x0, 0x0,
    0xfe, 0x3f, 0x0, 0x0, 0xf, 0xc3, 0xf8, 0x0,
    0x1, 0xfc, 0x1f, 0xc0, 0x0, 0x3f, 0x80, 0xff,
    0x0, 0xf, 0xf0, 0xf, 0xfc, 0x3, 0xff, 0x0,
    0x7f, 0xff, 0xff, 0xe0, 0x1, 0xff, 0xff, 0xf8,
    0x0, 0xf, 0xff, 0xff, 0x0, 0x0, 0x3f, 0xff,
    0xc0, 0x0, 0x0, 0x7f, 0xe0, 0x0,

    /* U+00D3 "Ó" */
    0x0, 0x0, 0xf, 0xf0, 0x0, 0x0, 0x1, 0xfc,
    0x0, 0x0, 0x0, 0x3f, 0x80, 0x0, 0x0, 0x7,
    0xf0, 0x0, 0x0, 0x0, 0xfc, 0x0, 0x0, 0x0,
    0x1f, 0x80, 0x0, 0x0, 0x3, 0xf0, 0x0, 0x0,
    0x0, 0x0, 0x0, 0x0, 0x0, 0x0, 0x0, 0x0,
    0x0, 0x0, 0x0, 0x0, 0x0, 0x0, 0x7, 0xfe,
    0x0, 0x0, 0x3, 0xff, 0xfc, 0x0, 0x0, 0xff,
    0xff, 0xf0, 0x0, 0x1f, 0xff, 0xff, 0x80, 0x7,
    0xff, 0xff, 0xfe, 0x0, 0xff, 0xc0, 0x3f, 0xf0,
    0xf, 0xf0, 0x0, 0xff, 0x1, 0xfc, 0x0, 0x3,
    0xf8, 0x3f, 0x80, 0x0, 0x1f, 0xc3, 0xf0, 0x0,
    0x0, 0xfc, 0x7f, 0x0, 0x0, 0xf, 0xe7, 0xe0,
    0x0, 0x0, 0x7e, 0x7e, 0x0, 0x0, 0x7, 0xef,
    0xc0, 0x0, 0x0, 0x3f, 0xfc, 0x0, 0x0, 0x3,
    0xff, 0xc0, 0x0, 0x0, 0x3f, 0xfc, 0x0, 0x0,
    0x3, 0xff, 0xc0, 0x0, 0x0, 0x3f, 0xfc, 0x0,
    0x0, 0x3, 0xff, 0xc0, 0x0, 0x0, 0x3f, 0xfc,
    0x0, 0x0, 0x3, 0xf7, 0xe0, 0x0, 0x0, 0x7e,
    0x7e, 0x0, 0x0, 0x7, 0xe7, 0xf0, 0x0, 0x0,
    0xfe, 0x3f, 0x0, 0x0, 0xf, 0xc3, 0xf8, 0x0,
    0x1, 0xfc, 0x1f, 0xc0, 0x0, 0x3f, 0x80, 0xff,
    0x0, 0xf, 0xf0, 0xf, 0xfc, 0x3, 0xff, 0x0,
    0x7f, 0xff, 0xff, 0xe0, 0x1, 0xff, 0xff, 0xf8,
    0x0, 0xf, 0xff, 0xff, 0x0, 0x0, 0x3f, 0xff,
    0xc0, 0x0, 0x0, 0x7f, 0xe0, 0x0,

    /* U+00D4 "Ô" */
    0x0, 0x1, 0xf8, 0x0, 0x0, 0x0, 0x3f, 0xc0,
    0x0, 0x0, 0x7, 0xfe, 0x0, 0x0, 0x0, 0xff,
    0xf0, 0x0, 0x0, 0x1f, 0x9f, 0x80, 0x0, 0x3,
    0xf0, 0xfc, 0x0, 0x0, 0x7c, 0x3, 0xe0, 0x0,
    0x0, 0x0, 0x0, 0x0, 0x0, 0x0, 0x0, 0x0,
    0x0, 0x0, 0x0, 0x0, 0x0, 0x0, 0x7, 0xfe,
    0x0, 0x0, 0x3, 0xff, 0xfc, 0x0, 0x0, 0xff,
    0xff, 0xf0, 0x0, 0x1f, 0xff, 0xff, 0x80, 0x7,
    0xff, 0xff, 0xfe, 0x0, 0xff, 0xc0, 0x3f, 0xf0,
    0xf, 0xf0, 0x0, 0xff, 0x1, 0xfc, 0x0, 0x3,
    0xf8, 0x3f, 0x80, 0x0, 0x1f, 0xc3, 0xf0, 0x0,
    0x0, 0xfc, 0x7f, 0x0, 0x0, 0xf, 0xe7, 0xe0,
    0x0, 0x0, 0x7e, 0x7e, 0x0, 0x0, 0x7, 0xef,
    0xc0, 0x0, 0x0, 0x3f, 0xfc, 0x0, 0x0, 0x3,
    0xff, 0xc0, 0x0, 0x0, 0x3f, 0xfc, 0x0, 0x0,
    0x3, 0xff, 0xc0, 0x0, 0x0, 0x3f, 0xfc, 0x0,
    0x0, 0x3, 0xff, 0xc0, 0x0, 0x0, 0x3f, 0xfc,
    0x0, 0x0, 0x3, 0xf7, 0xe0, 0x0, 0x0, 0x7e,
    0x7e, 0x0, 0x0, 0x7, 0xe7, 0xf0, 0x0, 0x0,
    0xfe, 0x3f, 0x0, 0x0, 0xf, 0xc3, 0xf8, 0x0,
    0x1, 0xfc, 0x1f, 0xc0, 0x0, 0x3f, 0x80, 0xff,
    0x0, 0xf, 0xf0, 0xf, 0xfc, 0x3, 0xff, 0x0,
    0x7f, 0xff, 0xff, 0xe0, 0x1, 0xff, 0xff, 0xf8,
    0x0, 0xf, 0xff, 0xff, 0x0, 0x0, 0x3f, 0xff,
    0xc0, 0x0, 0x0, 0x7f, 0xe0, 0x0,

    /* U+00D5 "Õ" */
    0x0, 0xf, 0x80, 0xe0, 0x0, 0x1, 0xfe, 0xe,
    0x0, 0x0, 0x3f, 0xf1, 0xe0, 0x0, 0x3, 0xff,
    0xfc, 0x0, 0x0, 0x7c, 0x7f, 0xc0, 0x0, 0x7,
    0x83, 0xf8, 0x0, 0x0, 0x78, 0xf, 0x0, 0x0,
    0x0, 0x0, 0x0, 0x0, 0x0, 0x0, 0x0, 0x0,
    0x0, 0x0, 0x0, 0x0, 0x0, 0x0, 0x7, 0xfe,
    0x0, 0x0, 0x3, 0xff, 0xfc, 0x0, 0x0, 0xff,
    0xff, 0xf0, 0x0, 0x1f, 0xff, 0xff, 0x80, 0x7,
    0xff, 0xff, 0xfe, 0x0, 0xff, 0xc0, 0x3f, 0xf0,
    0xf, 0xf0, 0x0, 0xff, 0x1, 0xfc, 0x0, 0x3,
    0xf8, 0x3f, 0x80, 0x0, 0x1f, 0xc3, 0xf0, 0x0,
    0x0, 0xfc, 0x7f, 0x0, 0x0, 0xf, 0xe7, 0xe0,
    0x0, 0x0, 0x7e, 0x7e, 0x0, 0x0, 0x7, 0xef,
    0xc0, 0x0, 0x0, 0x3f, 0xfc, 0x0, 0x0, 0x3,
    0xff, 0xc0, 0x0, 0x0, 0x3f, 0xfc, 0x0, 0x0,
    0x3, 0xff, 0xc0, 0x0, 0x0, 0x3f, 0xfc, 0x0,
    0x0, 0x3, 0xff, 0xc0, 0x0, 0x0, 0x3f, 0xfc,
    0x0, 0x0, 0x3, 0xf7, 0xe0, 0x0, 0x0, 0x7e,
    0x7e, 0x0, 0x0, 0x7, 0xe7, 0xf0, 0x0, 0x0,
    0xfe, 0x3f, 0x0, 0x0, 0xf, 0xc3, 0xf8, 0x0,
    0x1, 0xfc, 0x1f, 0xc0, 0x0, 0x3f, 0x80, 0xff,
    0x0, 0xf, 0xf0, 0xf, 0xfc, 0x3, 0xff, 0x0,
    0x7f, 0xff, 0xff, 0xe0, 0x1, 0xff, 0xff, 0xf8,
    0x0, 0xf, 0xff, 0xff, 0x0, 0x0, 0x3f, 0xff,
    0xc0, 0x0, 0x0, 0x7f, 0xe0, 0x0,

    /* U+00D6 "Ö" */
    0x0, 0x1e, 0x7, 0x80, 0x0, 0x3, 0xf0, 0xfc,
    0x0, 0x0, 0x3f, 0xf, 0xc0, 0x0, 0x3, 0xf0,
    0xfc, 0x0, 0x0, 0x3f, 0xf, 0xc0, 0x0, 0x1,
    0xe0, 0x78, 0x0, 0x0, 0x0, 0x0, 0x0, 0x0,
    0x0, 0x0, 0x0, 0x0, 0x0, 0x0, 0x0, 0x0,
    0x0, 0x0, 0x7f, 0xe0, 0x0, 0x0, 0x3f, 0xff,
    0xc0, 0x0, 0xf, 0xff, 0xff, 0x0, 0x1, 0xff,
    0xff, 0xf8, 0x0, 0x7f, 0xff, 0xff, 0xe0, 0xf,
    0xfc, 0x3, 0xff, 0x0, 0xff, 0x0, 0xf, 0xf0,
    0x1f, 0xc0, 0x0, 0x3f, 0x83, 0xf8, 0x0, 0x1,
    0xfc, 0x3f, 0x0, 0x0, 0xf, 0xc7, 0xf0, 0x0,
    0x0, 0xfe, 0x7e, 0x0, 0x0, 0x7, 0xe7, 0xe0,
    0x0, 0x0, 0x7e, 0xfc, 0x0, 0x0, 0x3, 0xff,
    0xc0, 0x0, 0x0, 0x3f, 0xfc, 0x0, 0x0, 0x3,
    0xff, 0xc0, 0x0, 0x0, 0x3f, 0xfc, 0x0, 0x0,
    0x3, 0xff, 0xc0, 0x0, 0x0, 0x3f, 0xfc, 0x0,
    0x0, 0x3, 0xff, 0xc0, 0x0, 0x0, 0x3f, 0x7e,
    0x0, 0x0, 0x7, 0xe7, 0xe0, 0x0, 0x0, 0x7e,
    0x7f, 0x0, 0x0, 0xf, 0xe3, 0xf0, 0x0, 0x0,
    0xfc, 0x3f, 0x80, 0x0, 0x1f, 0xc1, 0xfc, 0x0,
    0x3, 0xf8, 0xf, 0xf0, 0x0, 0xff, 0x0, 0xff,
    0xc0, 0x3f, 0xf0, 0x7, 0xff, 0xff, 0xfe, 0x0,
    0x1f, 0xff, 0xff, 0x80, 0x0, 0xff, 0xff, 0xf0,
    0x0, 0x3, 0xff, 0xfc, 0x0, 0x0, 0x7, 0xfe,
    0x0, 0x0,

    /* U+00D7 "×" */
    0x0, 0x0, 0x6, 0x0, 0x61, 0xe0, 0x1e, 0x7e,
    0x7, 0xef, 0xe1, 0xfc, 0xfe, 0x7f, 0xf, 0xff,
    0xc0, 0xff, 0xf0, 0xf, 0xfc, 0x0, 0xff, 0x0,
    0x1f, 0xe0, 0x7, 0xfe, 0x1, 0xff, 0xe0, 0x7f,
    0xfe, 0xf, 0xcf, 0xe3, 0xf0, 0xfe, 0xfc, 0xf,
    0xcf, 0x0, 0xf8, 0xc0, 0xe, 0x0, 0x0, 0x80,

    /* U+00D8 "Ø" */
    0x0, 0x0, 0x0, 0x1f, 0x0, 0x0, 0x0, 0x3,
    0xe0, 0x0, 0x0, 0x0, 0x3e, 0x0, 0x0, 0x0,
    0x7, 0xc0, 0x0, 0x7, 0xfe, 0x78, 0x0, 0x3,
    0xff, 0xff, 0x80, 0x0, 0xff, 0xff, 0xf0, 0x0,
    0x1f, 0xff, 0xff, 0x80, 0x7, 0xff, 0xff, 0xfe,
    0x0, 0xff, 0xc0, 0x3f, 0xf0, 0xf, 0xf0, 0x7,
    0xff, 0x1, 0xfc, 0x0, 0x7f, 0xf8, 0x3f, 0x80,
    0xf, 0x9f, 0xc3, 0xf0, 0x0, 0xf0, 0xfc, 0x7f,
    0x0, 0x1f, 0xf, 0xe7, 0xe0, 0x1, 0xe0, 0x7e,
    0x7e, 0x0, 0x3e, 0x7, 0xef, 0xc0, 0x7, 0xc0,
    0x3f, 0xfc, 0x0, 0x7c, 0x3, 0xff, 0xc0, 0xf,
    0x80, 0x3f, 0xfc, 0x0, 0xf8, 0x3, 0xff, 0xc0,
    0x1f, 0x0, 0x3f, 0xfc, 0x1, 0xf0, 0x3, 0xff,
    0xc0, 0x3e, 0x0, 0x3f, 0xfc, 0x3, 0xc0, 0x3,
    0xf7, 0xe0, 0x7c, 0x0, 0x7e, 0x7e, 0xf, 0x80,
    0x7, 0xe7, 0xf0, 0xf8, 0x0, 0xfe, 0x3f, 0x1f,
    0x0, 0xf, 0xc3, 0xf9, 0xf0, 0x1, 0xfc, 0x1f,
    0xfe, 0x0, 0x3f, 0x80, 0xff, 0xe0, 0xf, 0xf0,
    0xf, 0xfc, 0x3, 0xff, 0x0, 0x7f, 0xff, 0xff,
    0xe0, 0x1, 0xff, 0xff, 0xf8, 0x0, 0xf, 0xff,
    0xff, 0x0, 0x1, 0xff, 0xff, 0xc0, 0x0, 0x3e,
    0x7f, 0xe0, 0x0, 0x3, 0xe0, 0x0, 0x0, 0x0,
    0x7c, 0x0, 0x0, 0x0, 0x7, 0xc0, 0x0, 0x0,
    0x0,

    /* U+00D9 "Ù" */
    0x7, 0xf0, 0x0, 0x0, 0x1f, 0xc0, 0x0, 0x0,
    0x3f, 0x0, 0x0, 0x0, 0xfc, 0x0, 0x0, 0x3,
    0xf0, 0x0, 0x0, 0xf, 0xc0, 0x0, 0x0, 0x1f,
    0x0, 0x0, 0x0, 0x0, 0x0, 0x0, 0x0, 0x0,
    0x0, 0x0, 0x0, 0x0, 0x3f, 0x0, 0x0, 0x7f,
    0xf8, 0x0, 0x3, 0xff, 0xc0, 0x0, 0x1f, 0xfe,
    0x0, 0x0, 0xff, 0xf0, 0x0, 0x7, 0xff, 0x80,
    0x0, 0x3f, 0xfc, 0x0, 0x1, 0xff, 0xe0, 0x0,
    0xf, 0xff, 0x0, 0x0, 0x7f, 0xf8, 0x0, 0x3,
    0xff, 0xc0, 0x0, 0x1f, 0xfe, 0x0, 0x0, 0xff,
    0xf0, 0x0, 0x7, 0xff, 0x80, 0x0, 0x3f, 0xfc,
    0x0, 0x1, 0xff, 0xe0, 0x0, 0xf, 0xff, 0x0,
    0x0, 0x7f, 0xf8, 0x0, 0x3, 0xff, 0xc0, 0x0,
    0x1f, 0xfe, 0x0, 0x0, 0xff, 0xf0, 0x0, 0x7,
    0xff, 0x80, 0x0, 0x3f, 0xfc, 0x0, 0x1, 0xff,
    0xf0, 0x0, 0x1f, 0xdf, 0x80, 0x0, 0xfc, 0xfc,
    0x0, 0x7, 0xe7, 0xf0, 0x0, 0x7f, 0x1f, 0xc0,
    0x7, 0xf0, 0xff, 0x80, 0xff, 0x83, 0xff, 0xff,
    0xf8, 0xf, 0xff, 0xff, 0x80, 0x3f, 0xff, 0xf8,
    0x0, 0x7f, 0xff, 0x0, 0x0, 0x7f, 0xc0, 0x0,

    /* U+00DA "Ú" */
    0x0, 0x0, 0x7f, 0x0, 0x0, 0x7, 0xf0, 0x0,
    0x0, 0x7e, 0x0, 0x0, 0x7, 0xe0, 0x0, 0x0,
    0x7e, 0x0, 0x0, 0x7, 0xe0, 0x0, 0x0, 0x7c,
    0x0, 0x0, 0x0, 0x0, 0x0, 0x0, 0x0, 0x0,
    0x0, 0x0, 0x0, 0x0, 0x3f, 0x0, 0x0, 0x7f,
    0xf8, 0x0, 0x3, 0xff, 0xc0, 0x0, 0x1f, 0xfe,
    0x0, 0x0, 0xff, 0xf0, 0x0, 0x7, 0xff, 0x80,
    0x0, 0x3f, 0xfc, 0x0, 0x1, 0xff, 0xe0, 0x0,
    0xf, 0xff, 0x0, 0x0, 0x7f, 0xf8, 0x0, 0x3,
    0xff, 0xc0, 0x0, 0x1f, 0xfe, 0x0, 0x0, 0xff,
    0xf0, 0x0, 0x7, 0xff, 0x80, 0x0, 0x3f, 0xfc,
    0x0, 0x1, 0xff, 0xe0, 0x0, 0xf, 0xff, 0x0,
    0x0, 0x7f, 0xf8, 0x0, 0x3, 0xff, 0xc0, 0x0,
    0x1f, 0xfe, 0x0, 0x0, 0xff, 0xf0, 0x0, 0x7,
    0xff, 0x80, 0x0, 0x3f, 0xfc, 0x0, 0x1, 0xff,
    0xf0, 0x0, 0x1f, 0xdf, 0x80, 0x0, 0xfc, 0xfc,
    0x0, 0x7, 0xe7, 0xf0, 0x0, 0x7f, 0x1f, 0xc0,
    0x7, 0xf0, 0xff, 0x80, 0xff, 0x83, 0xff, 0xff,
    0xf8, 0xf, 0xff, 0xff, 0x80, 0x3f, 0xff, 0xf8,
    0x0, 0x7f, 0xff, 0x0, 0x0, 0x7f, 0xc0, 0x0,

    /* U+00DB "Û" */
    0x0, 0xf, 0x80, 0x0, 0x0, 0xfe, 0x0, 0x0,
    0xf, 0xf8, 0x0, 0x0, 0xff, 0xe0, 0x0, 0xf,
    0x8f, 0x80, 0x0, 0xf8, 0x3e, 0x0, 0xf, 0x80,
    0xf8, 0x0, 0x0, 0x0, 0x0, 0x0, 0x0, 0x0,
    0x0, 0x0, 0x0, 0x0, 0x3f, 0x0, 0x0, 0x7f,
    0xf8, 0x0, 0x3, 0xff, 0xc0, 0x0, 0x1f, 0xfe,
    0x0, 0x0, 0xff, 0xf0, 0x0, 0x7, 0xff, 0x80,
    0x0, 0x3f, 0xfc, 0x0, 0x1, 0xff, 0xe0, 0x0,
    0xf, 0xff, 0x0, 0x0, 0x7f, 0xf8, 0x0, 0x3,
    0xff, 0xc0, 0x0, 0x1f, 0xfe, 0x0, 0x0, 0xff,
    0xf0, 0x0, 0x7, 0xff, 0x80, 0x0, 0x3f, 0xfc,
    0x0, 0x1, 0xff, 0xe0, 0x0, 0xf, 0xff, 0x0,
    0x0, 0x7f, 0xf8, 0x0, 0x3, 0xff, 0xc0, 0x0,
    0x1f, 0xfe, 0x0, 0x0, 0xff, 0xf0, 0x0, 0x7,
    0xff, 0x80, 0x0, 0x3f, 0xfc, 0x0, 0x1, 0xff,
    0xf0, 0x0, 0x1f, 0xdf, 0x80, 0x0, 0xfc, 0xfc,
    0x0, 0x7, 0xe7, 0xf0, 0x0, 0x7f, 0x1f, 0xc0,
    0x7, 0xf0, 0xff, 0x80, 0xff, 0x83, 0xff, 0xff,
    0xf8, 0xf, 0xff, 0xff, 0x80, 0x3f, 0xff, 0xf8,
    0x0, 0x7f, 0xff, 0x0, 0x0, 0x7f, 0xc0, 0x0,

    /* U+00DC "Ü" */
    0x0, 0xf0, 0x78, 0x0, 0xf, 0xc7, 0xe0, 0x0,
    0x7e, 0x3f, 0x0, 0x3, 0xf1, 0xf8, 0x0, 0x1f,
    0x8f, 0xc0, 0x0, 0x78, 0x3c, 0x0, 0x0, 0x0,
    0x0, 0x0, 0x0, 0x0, 0x0, 0x0, 0x0, 0x0,
    0x7, 0xe0, 0x0, 0xf, 0xff, 0x0, 0x0, 0x7f,
    0xf8, 0x0, 0x3, 0xff, 0xc0, 0x0, 0x1f, 0xfe,
    0x0, 0x0, 0xff, 0xf0, 0x0, 0x7, 0xff, 0x80,
    0x0, 0x3f, 0xfc, 0x0, 0x1, 0xff, 0xe0, 0x0,
    0xf, 0xff, 0x0, 0x0, 0x7f, 0xf8, 0x0, 0x3,
    0xff, 0xc0, 0x0, 0x1f, 0xfe, 0x0, 0x0, 0xff,
    0xf0, 0x0, 0x7, 0xff, 0x80, 0x0, 0x3f, 0xfc,
    0x0, 0x1, 0xff, 0xe0, 0x0, 0xf, 0xff, 0x0,
    0x0, 0x7f, 0xf8, 0x0, 0x3, 0xff, 0xc0, 0x0,
    0x1f, 0xfe, 0x0, 0x0, 0xff, 0xf0, 0x0, 0x7,
    0xff, 0x80, 0x0, 0x3f, 0xfe, 0x0, 0x3, 0xfb,
    0xf0, 0x0, 0x1f, 0x9f, 0x80, 0x0, 0xfc, 0xfe,
    0x0, 0xf, 0xe3, 0xf8, 0x0, 0xfe, 0x1f, 0xf0,
    0x1f, 0xf0, 0x7f, 0xff, 0xff, 0x1, 0xff, 0xff,
    0xf0, 0x7, 0xff, 0xff, 0x0, 0xf, 0xff, 0xe0,
    0x0, 0xf, 0xf8, 0x0,

    /* U+00DD "Ý" */
    0x0, 0x0, 0x3f, 0x80, 0x0, 0x0, 0x7e, 0x0,
    0x0, 0x0, 0xfc, 0x0, 0x0, 0x1, 0xf8, 0x0,
    0x0, 0x3, 0xf0, 0x0, 0x0, 0x7, 0xc0, 0x0,
    0x0, 0x0, 0x0, 0x0, 0x0, 0x0, 0x0, 0x0,
    0x0, 0x0, 0x0, 0x0, 0xfe, 0x0, 0x0, 0x3f,
    0x7e, 0x0, 0x0, 0x7e, 0x7f, 0x0, 0x0, 0xfe,
    0x3f, 0x80, 0x0, 0xfc, 0x3f, 0x80, 0x1, 0xf8,
    0x1f, 0xc0, 0x1, 0xf8, 0xf, 0xc0, 0x3, 0xf0,
    0xf, 0xe0, 0x3, 0xf0, 0x7, 0xe0, 0x7, 0xe0,
    0x7, 0xf0, 0xf, 0xc0, 0x3, 0xf8, 0xf, 0xc0,
    0x1, 0xf8, 0x1f, 0x80, 0x1, 0xfc, 0x1f, 0x80,
    0x0, 0xfc, 0x3f, 0x0, 0x0, 0xfe, 0x7f, 0x0,
    0x0, 0x7f, 0x7e, 0x0, 0x0, 0x3f, 0xfc, 0x0,
    0x0, 0x3f, 0xfc, 0x0, 0x0, 0x1f, 0xf8, 0x0,
    0x0, 0x1f, 0xf8, 0x0, 0x0, 0xf, 0xf0, 0x0,
    0x0, 0x7, 0xe0, 0x0, 0x0, 0x7, 0xe0, 0x0,
    0x0, 0x7, 0xe0, 0x0, 0x0, 0x7, 0xe0, 0x0,
    0x0, 0x7, 0xe0, 0x0, 0x0, 0x7, 0xe0, 0x0,
    0x0, 0x7, 0xe0, 0x0, 0x0, 0x7, 0xe0, 0x0,
    0x0, 0x7, 0xe0, 0x0, 0x0, 0x7, 0xe0, 0x0,
    0x0, 0x7, 0xe0, 0x0, 0x0, 0x7, 0xe0, 0x0,
    0x0, 0x7, 0xe0, 0x0,

    /* U+00DE "Þ" */
    0xfc, 0x0, 0x0, 0xf, 0xc0, 0x0, 0x0, 0xfc,
    0x0, 0x0, 0xf, 0xc0, 0x0, 0x0, 0xff, 0xff,
    0xc0, 0xf, 0xff, 0xff, 0x80, 0xff, 0xff, 0xfe,
    0xf, 0xff, 0xff, 0xf0, 0xff, 0xff, 0xff, 0x8f,
    0xc0, 0x7, 0xfc, 0xfc, 0x0, 0x1f, 0xef, 0xc0,
    0x0, 0xfe, 0xfc, 0x0, 0x7, 0xff, 0xc0, 0x0,
    0x3f, 0xfc, 0x0, 0x3, 0xff, 0xc0, 0x0, 0x3f,
    0xfc, 0x0, 0x3, 0xff, 0xc0, 0x0, 0x3f, 0xfc,
    0x0, 0x3, 0xff, 0xc0, 0x0, 0x7f, 0xfc, 0x0,
    0xf, 0xef, 0xc0, 0x1, 0xfe, 0xfc, 0x0, 0x7f,
    0xcf, 0xff, 0xff, 0xf8, 0xff, 0xff, 0xff, 0xf,
    0xff, 0xff, 0xe0, 0xff, 0xff, 0xf8, 0xf, 0xff,
    0xfe, 0x0, 0xfc, 0x0, 0x0, 0xf, 0xc0, 0x0,
    0x0, 0xfc, 0x0, 0x0, 0xf, 0xc0, 0x0, 0x0,
    0xfc, 0x0, 0x0, 0xf, 0xc0, 0x0, 0x0,

    /* U+00DF "ß" */
    0x0, 0x7f, 0x80, 0x0, 0x7f, 0xfc, 0x0, 0x3f,
    0xff, 0xe0, 0xf, 0xff, 0xfe, 0x3, 0xff, 0xff,
    0xc0, 0x7f, 0x83, 0xfc, 0x1f, 0xc0, 0x1f, 0x83,
    0xf0, 0x3, 0xf8, 0xfe, 0x0, 0x3f, 0x1f, 0x80,
    0x7, 0xe3, 0xf0, 0x0, 0xfc, 0x7e, 0x0, 0x1f,
    0x8f, 0xc0, 0x3, 0xf1, 0xf8, 0x0, 0xfc, 0x3f,
    0x0, 0x3f, 0x87, 0xe0, 0x1f, 0xe0, 0xfc, 0x1f,
    0xf8, 0x1f, 0x83, 0xff, 0x3, 0xf0, 0x7f, 0xf8,
    0x7e, 0xf, 0xff, 0x8f, 0xc1, 0xff, 0xf9, 0xf8,
    0x0, 0xff, 0xbf, 0x0, 0x7, 0xf7, 0xe0, 0x0,
    0x7f, 0xfc, 0x0, 0x7, 0xff, 0x80, 0x0, 0xff,
    0xf0, 0x0, 0x1f, 0xfe, 0x0, 0x3, 0xff, 0xc0,
    0x0, 0xff, 0xf8, 0x0, 0x1f, 0xbf, 0x8, 0xf,
    0xf7, 0xe1, 0xff, 0xfc, 0xfc, 0x3f, 0xff, 0x9f,
    0x87, 0xff, 0xe3, 0xf0, 0xff, 0xf0, 0x7e, 0x1f,
    0xf0, 0x0,

    /* U+00E0 "à" */
    0x1f, 0xc0, 0x0, 0xf, 0xc0, 0x0, 0xf, 0xc0,
    0x0, 0xf, 0xc0, 0x0, 0xf, 0xc0, 0x0, 0x7,
    0xc0, 0x0, 0x7, 0xc0, 0x0, 0x0, 0x0, 0x0,
    0x0, 0x0, 0x0, 0x0, 0x0, 0x7, 0xfc, 0x0,
    0x7f, 0xfe, 0x3, 0xff, 0xff, 0xf, 0xff, 0xff,
    0x1f, 0xff, 0xff, 0x1f, 0x1, 0xfe, 0x18, 0x1,
    0xfc, 0x0, 0x1, 0xfc, 0x0, 0x1, 0xf8, 0x0,
    0x3, 0xf0, 0x0, 0x7, 0xe0, 0x7f, 0xff, 0xc7,
    0xff, 0xff, 0x9f, 0xff, 0xff, 0x7f, 0xff, 0xfe,
    0xfe, 0x0, 0xff, 0xf0, 0x1, 0xff, 0xe0, 0x3,
    0xff, 0xc0, 0x7, 0xff, 0xc0, 0x1f, 0xff, 0xc0,
    0xff, 0xbf, 0xff, 0xff, 0x7f, 0xff, 0xfe, 0x7f,
    0xfe, 0xfc, 0x7f, 0xf9, 0xf8, 0x1f, 0xc3, 0xf0,

    /* U+00E1 "á" */
    0x0, 0x3, 0xf8, 0x0, 0xf, 0xe0, 0x0, 0x3f,
    0x0, 0x0, 0xfc, 0x0, 0x3, 0xf0, 0x0, 0xf,
    0x80, 0x0, 0x3e, 0x0, 0x0, 0x0, 0x0, 0x0,
    0x0, 0x0, 0x0, 0x0, 0x0, 0x7, 0xfc, 0x0,
    0x7f, 0xfe, 0x3, 0xff, 0xff, 0xf, 0xff, 0xff,
    0x1f, 0xff, 0xff, 0x1f, 0x1, 0xfe, 0x18, 0x1,
    0xfc, 0x0, 0x1, 0xfc, 0x0, 0x1, 0xf8, 0x0,
    0x3, 0xf0, 0x0, 0x7, 0xe0, 0x7f, 0xff, 0xc7,
    0xff, 0xff, 0x9f, 0xff, 0xff, 0x7f, 0xff, 0xfe,
    0xfe, 0x0, 0xff, 0xf0, 0x1, 0xff, 0xe0, 0x3,
    0xff, 0xc0, 0x7, 0xff, 0xc0, 0x1f, 0xff, 0xc0,
    0xff, 0xbf, 0xff, 0xff, 0x7f, 0xff, 0xfe, 0x7f,
    0xfe, 0xfc, 0x7f, 0xf9, 0xf8, 0x1f, 0xc3, 0xf0,

    /* U+00E2 "â" */
    0x0, 0x7e, 0x0, 0x1, 0xfe, 0x0, 0x7, 0xfe,
    0x0, 0x1f, 0x3e, 0x0, 0x7c, 0x3e, 0x1, 0xf0,
    0x3e, 0x7, 0xc0, 0x3e, 0x0, 0x0, 0x0, 0x0,
    0x0, 0x0, 0x0, 0x0, 0x0, 0x7, 0xfc, 0x0,
    0x7f, 0xfe, 0x3, 0xff, 0xff, 0xf, 0xff, 0xff,
    0x1f, 0xff, 0xff, 0x1f, 0x1, 0xfe, 0x18, 0x1,
    0xfc, 0x0, 0x1, 0xfc, 0x0, 0x1, 0xf8, 0x0,
    0x3, 0xf0, 0x0, 0x7, 0xe0, 0x7f, 0xff, 0xc7,
    0xff, 0xff, 0x9f, 0xff, 0xff, 0x7f, 0xff, 0xfe,
    0xfe, 0x0, 0xff, 0xf0, 0x1, 0xff, 0xe0, 0x3,
    0xff, 0xc0, 0x7, 0xff, 0xc0, 0x1f, 0xff, 0xc0,
    0xff, 0xbf, 0xff, 0xff, 0x7f, 0xff, 0xfe, 0x7f,
    0xfe, 0xfc, 0x7f, 0xf9, 0xf8, 0x1f, 0xc3, 0xf0,

    /* U+00E3 "ã" */
    0x3, 0xe0, 0x70, 0xf, 0xe0, 0xe0, 0x3f, 0xf3,
    0xc0, 0x79, 0xff, 0x80, 0xe0, 0xfe, 0x1, 0xc0,
    0xf8, 0x0, 0x0, 0x0, 0x0, 0x0, 0x0, 0x0,
    0x0, 0x0, 0x0, 0x0, 0x0, 0x7, 0xfc, 0x0,
    0x7f, 0xfe, 0x3, 0xff, 0xff, 0xf, 0xff, 0xff,
    0x1f, 0xff, 0xff, 0x1f, 0x1, 0xfe, 0x18, 0x1,
    0xfc, 0x0, 0x1, 0xfc, 0x0, 0x1, 0xf8, 0x0,
    0x3, 0xf0, 0x0, 0x7, 0xe0, 0x7f, 0xff, 0xc7,
    0xff, 0xff, 0x9f, 0xff, 0xff, 0x7f, 0xff, 0xfe,
    0xfe, 0x0, 0xff, 0xf0, 0x1, 0xff, 0xe0, 0x3,
    0xff, 0xc0, 0x7, 0xff, 0xc0, 0x1f, 0xff, 0xc0,
    0xff, 0xbf, 0xff, 0xff, 0x7f, 0xff, 0xfe, 0x7f,
    0xfe, 0xfc, 0x7f, 0xf9, 0xf8, 0x1f, 0xc3, 0xf0,

    /* U+00E4 "ä" */
    0x7, 0x81, 0xe0, 0x1f, 0x87, 0xe0, 0x3f, 0xf,
    0xc0, 0x7e, 0x1f, 0x80, 0xfc, 0x3f, 0x0, 0xf0,
    0x3c, 0x0, 0x0, 0x0, 0x0, 0x0, 0x0, 0x0,
    0x0, 0x0, 0x0, 0x0, 0x0, 0x7, 0xfc, 0x0,
    0x7f, 0xfe, 0x3, 0xff, 0xff, 0xf, 0xff, 0xff,
    0x1f, 0xff, 0xfe, 0x1f, 0x1, 0xfe, 0x30, 0x1,
    0xfc, 0x0, 0x1, 0xfc, 0x0, 0x1, 0xf8, 0x0,
    0x3, 0xf0, 0x0, 0x7, 0xe0, 0x7f, 0xff, 0xc7,
    0xff, 0xff, 0x9f, 0xff, 0xff, 0x7f, 0xff, 0xfe,
    0xfe, 0x0, 0xff, 0xf0, 0x1, 0xff, 0xe0, 0x3,
    0xff, 0xc0, 0x7, 0xff, 0xc0, 0x1f, 0xff, 0xc0,
    0xff, 0xbf, 0xff, 0xff, 0x7f, 0xff, 0xfe, 0x7f,
    0xfe, 0xfc, 0x7f, 0xf9, 0xf8, 0x1f, 0xc3, 0xf0,

    /* U+00E5 "å" */
    0x0, 0x7e, 0x0, 0x1, 0xfe, 0x0, 0x7, 0xe,
    0x0, 0x1e, 0x1e, 0x0, 0x38, 0x1c, 0x0, 0x70,
    0x38, 0x0, 0xe0, 0x70, 0x1, 0xc1, 0xe0, 0x1,
    0xc3, 0x80, 0x1, 0xfe, 0x0, 0x1, 0xf8, 0x0,
    0x0, 0x0, 0x0, 0x0, 0x0, 0x0, 0x0, 0x0,
    0x0, 0x7f, 0xc0, 0x7, 0xff, 0xe0, 0x3f, 0xff,
    0xf0, 0xff, 0xff, 0xf1, 0xff, 0xff, 0xf1, 0xf0,
    0x1f, 0xe1, 0x80, 0x1f, 0xc0, 0x0, 0x1f, 0xc0,
    0x0, 0x1f, 0x80, 0x0, 0x3f, 0x0, 0x0, 0x7e,
    0x7, 0xff, 0xfc, 0x7f, 0xff, 0xf9, 0xff, 0xff,
    0xf7, 0xff, 0xff, 0xef, 0xe0, 0xf, 0xff, 0x0,
    0x1f, 0xfe, 0x0, 0x3f, 0xfc, 0x0, 0x7f, 0xfc,
    0x1, 0xff, 0xfc, 0xf, 0xfb, 0xff, 0xff, 0xf7,
    0xff, 0xff, 0xe7, 0xff, 0xef, 0xc7, 0xff, 0x9f,
    0x81, 0xfc, 0x3f,

    /* U+00E6 "æ" */
    0x1, 0xff, 0x0, 0x1f, 0xe0, 0x0, 0xff, 0xfe,
    0x7, 0xff, 0x80, 0x3f, 0xff, 0xf1, 0xff, 0xfe,
    0x7, 0xff, 0xff, 0xbf, 0xff, 0xf0, 0x3f, 0xff,
    0xff, 0xff, 0xff, 0x83, 0xf0, 0x1f, 0xff, 0x3,
    0xfc, 0x18, 0x0, 0xff, 0xe0, 0xf, 0xc0, 0x0,
    0x7, 0xfc, 0x0, 0x7e, 0x0, 0x0, 0x3f, 0x80,
    0x7, 0xe0, 0x0, 0x3, 0xf0, 0x0, 0x3f, 0x0,
    0x0, 0x3f, 0x0, 0x3, 0xf0, 0x3f, 0xff, 0xff,
    0xff, 0xff, 0x1f, 0xff, 0xff, 0xff, 0xff, 0xf3,
    0xff, 0xff, 0xff, 0xff, 0xff, 0x7f, 0xff, 0xff,
    0xff, 0xff, 0xf7, 0xf0, 0x3, 0xf0, 0x0, 0x0,
    0xfc, 0x0, 0x3f, 0x0, 0x0, 0xf, 0xc0, 0x3,
    0xf8, 0x0, 0x0, 0xfc, 0x0, 0x7f, 0xc0, 0x0,
    0xf, 0xe0, 0xf, 0xfe, 0x0, 0x30, 0xff, 0x1,
    0xff, 0xf8, 0x1f, 0x87, 0xff, 0xff, 0xff, 0xff,
    0xfc, 0x7f, 0xff, 0xf3, 0xff, 0xff, 0x83, 0xff,
    0xfe, 0xf, 0xff, 0xf0, 0xf, 0xff, 0x80, 0x7f,
    0xfe, 0x0, 0x3f, 0xe0, 0x0, 0xff, 0x0,

    /* U+00E7 "ç" */
    0x0, 0x3f, 0xc0, 0x0, 0xff, 0xf8, 0x1, 0xff,
    0xff, 0x1, 0xff, 0xff, 0xc1, 0xff, 0xff, 0xf1,
    0xff, 0x7, 0xf8, 0xfe, 0x0, 0xf8, 0xfe, 0x0,
    0x38, 0x7e, 0x0, 0x0, 0x7f, 0x0, 0x0, 0x3f,
    0x0, 0x0, 0x1f, 0x80, 0x0, 0xf, 0xc0, 0x0,
    0x7, 0xe0, 0x0, 0x3, 0xf0, 0x0, 0x1, 0xf8,
    0x0, 0x0, 0xfe, 0x0, 0x0, 0x3f, 0x0, 0x0,
    0x1f, 0xc0, 0x7, 0x7, 0xf0, 0x7, 0xc3, 0xfe,
    0xf, 0xf0, 0xff, 0xff, 0xf8, 0x3f, 0xff, 0xf8,
    0xf, 0xff, 0xf8, 0x1, 0xff, 0xf0, 0x0, 0x1f,
    0xe0, 0x0, 0x7, 0x0, 0x0, 0x3, 0x80, 0x0,
    0x1, 0xe0, 0x0, 0x1, 0xfc, 0x0, 0x0, 0x3f,
    0x0, 0x0, 0x7, 0x80, 0x0, 0x3, 0xc0, 0x0,
    0x43, 0xe0, 0x0, 0x3f, 0xe0, 0x0, 0x3f, 0xf0,
    0x0, 0xf, 0xe0, 0x0,

    /* U+00E8 "è" */
    0xf, 0xe0, 0x0, 0x1, 0xfc, 0x0, 0x0, 0x1f,
    0x80, 0x0, 0x3, 0xf0, 0x0, 0x0, 0x7e, 0x0,
    0x0, 0x7, 0xc0, 0x0, 0x0, 0xf8, 0x0, 0x0,
    0x0, 0x0, 0x0, 0x0, 0x0, 0x0, 0x0, 0x0,
    0x0, 0x7, 0xf8, 0x0, 0x7, 0xff, 0xc0, 0x7,
    0xff, 0xf8, 0x3, 0xff, 0xff, 0x1, 0xff, 0xff,
    0xe0, 0xff, 0x3, 0xfc, 0x3f, 0x0, 0x3f, 0x1f,
    0x80, 0x7, 0xe7, 0xe0, 0x0, 0xfb, 0xf0, 0x0,
    0x3f, 0xfc, 0x0, 0xf, 0xff, 0xff, 0xff, 0xff,
    0xff, 0xff, 0xff, 0xff, 0xff, 0xff, 0xff, 0xff,
    0xff, 0xff, 0x0, 0x0, 0xf, 0xc0, 0x0, 0x1,
    0xf8, 0x0, 0x0, 0x7f, 0x0, 0x0, 0xf, 0xe0,
    0x3, 0x3, 0xfe, 0x3, 0xe0, 0x7f, 0xff, 0xfc,
    0xf, 0xff, 0xff, 0x1, 0xff, 0xff, 0x80, 0x1f,
    0xff, 0x80, 0x0, 0xff, 0x0,

    /* U+00E9 "é" */
    0x0, 0x1, 0xfc, 0x0, 0x0, 0xfe, 0x0, 0x0,
    0x7e, 0x0, 0x0, 0x3f, 0x0, 0x0, 0x1f, 0x80,
    0x0, 0xf, 0x80, 0x0, 0x7, 0xc0, 0x0, 0x0,
    0x0, 0x0, 0x0, 0x0, 0x0, 0x0, 0x0, 0x0,
    0x0, 0x7, 0xf8, 0x0, 0x7, 0xff, 0xc0, 0x7,
    0xff, 0xf8, 0x3, 0xff, 0xff, 0x1, 0xff, 0xff,
    0xe0, 0xff, 0x3, 0xfc, 0x3f, 0x0, 0x3f, 0x1f,
    0x80, 0x7, 0xe7, 0xe0, 0x0, 0xfb, 0xf0, 0x0,
    0x3f, 0xfc, 0x0, 0xf, 0xff, 0xff, 0xff, 0xff,
    0xff, 0xff, 0xff, 0xff, 0xff, 0xff, 0xff, 0xff,
    0xff, 0xff, 0x0, 0x0, 0xf, 0xc0, 0x0, 0x1,
    0xf8, 0x0, 0x0, 0x7f, 0x0, 0x0, 0xf, 0xe0,
    0x3, 0x3, 0xfe, 0x3, 0xe0, 0x7f, 0xff, 0xfc,
    0xf, 0xff, 0xff, 0x1, 0xff, 0xff, 0x80, 0x1f,
    0xff, 0x80, 0x0, 0xff, 0x0,

    /* U+00EA "ê" */
    0x0, 0x3f, 0x0, 0x0, 0x1f, 0xe0, 0x0, 0xf,
    0xfc, 0x0, 0x7, 0xcf, 0x80, 0x3, 0xe1, 0xf0,
    0x1, 0xf0, 0x3e, 0x0, 0xf8, 0x7, 0xc0, 0x0,
    0x0, 0x0, 0x0, 0x0, 0x0, 0x0, 0x0, 0x0,
    0x0, 0x7, 0xf8, 0x0, 0x7, 0xff, 0xc0, 0x7,
    0xff, 0xf8, 0x3, 0xff, 0xff, 0x1, 0xff, 0xff,
    0xe0, 0xff, 0x3, 0xfc, 0x3f, 0x0, 0x3f, 0x1f,
    0x80, 0x7, 0xe7, 0xe0, 0x0, 0xfb, 0xf0, 0x0,
    0x3f, 0xfc, 0x0, 0xf, 0xff, 0xff, 0xff, 0xff,
    0xff, 0xff, 0xff, 0xff, 0xff, 0xff, 0xff, 0xff,
    0xff, 0xff, 0x0, 0x0, 0xf, 0xc0, 0x0, 0x1,
    0xf8, 0x0, 0x0, 0x7f, 0x0, 0x0, 0xf, 0xe0,
    0x3, 0x3, 0xfe, 0x3, 0xe0, 0x7f, 0xff, 0xfc,
    0xf, 0xff, 0xff, 0x1, 0xff, 0xff, 0x80, 0x1f,
    0xff, 0x80, 0x0, 0xff, 0x0,

    /* U+00EB "ë" */
    0x3, 0xc0, 0xf0, 0x1, 0xf8, 0x7e, 0x0, 0x7e,
    0x1f, 0x80, 0x1f, 0x87, 0xe0, 0x7, 0xe1, 0xf8,
    0x0, 0xf0, 0x3c, 0x0, 0x0, 0x0, 0x0, 0x0,
    0x0, 0x0, 0x0, 0x0, 0x0, 0x0, 0x0, 0x0,
    0x0, 0x7, 0xf8, 0x0, 0x7, 0xff, 0xc0, 0x7,
    0xff, 0xf8, 0x3, 0xff, 0xff, 0x1, 0xff, 0xff,
    0xe0, 0xff, 0x3, 0xfc, 0x3f, 0x0, 0x3f, 0x1f,
    0x80, 0x7, 0xe7, 0xc0, 0x0, 0xfb, 0xf0, 0x0,
    0x3f, 0xfc, 0x0, 0x7, 0xff, 0xff, 0xff, 0xff,
    0xff, 0xff, 0xff, 0xff, 0xff, 0xff, 0xff, 0xff,
    0xff, 0xff, 0x0, 0x0, 0xf, 0xc0, 0x0, 0x1,
    0xf0, 0x0, 0x0, 0x7e, 0x0, 0x4, 0xf, 0xe0,
    0x3, 0x83, 0xfe, 0x3, 0xe0, 0x7f, 0xff, 0xfc,
    0xf, 0xff, 0xff, 0x1, 0xff, 0xff, 0x80, 0x1f,
    0xff, 0x80, 0x0, 0xff, 0x0,

    /* U+00EC "ì" */
    0xfe, 0x3, 0xf8, 0x7, 0xe0, 0x1f, 0x80, 0x7e,
    0x1, 0xf8, 0x7, 0xe0, 0x0, 0x0, 0x0, 0x0,
    0x0, 0xfc, 0x7, 0xe0, 0x3f, 0x1, 0xf8, 0xf,
    0xc0, 0x7e, 0x3, 0xf0, 0x1f, 0x80, 0xfc, 0x7,
    0xe0, 0x3f, 0x1, 0xf8, 0xf, 0xc0, 0x7e, 0x3,
    0xf0, 0x1f, 0x80, 0xfc, 0x7, 0xe0, 0x3f, 0x1,
    0xf8, 0xf, 0xc0, 0x7e, 0x3, 0xf0, 0x1f, 0x80,
    0xfc, 0x7, 0xe0,

    /* U+00ED "í" */
    0x3, 0xf8, 0x1f, 0xc0, 0xfe, 0x7, 0xe0, 0x3f,
    0x1, 0xf8, 0xf, 0xc0, 0x0, 0x0, 0x0, 0x0,
    0x0, 0x7, 0xe0, 0x1f, 0x80, 0x7e, 0x1, 0xf8,
    0x7, 0xe0, 0x1f, 0x80, 0x7e, 0x1, 0xf8, 0x7,
    0xe0, 0x1f, 0x80, 0x7e, 0x1, 0xf8, 0x7, 0xe0,
    0x1f, 0x80, 0x7e, 0x1, 0xf8, 0x7, 0xe0, 0x1f,
    0x80, 0x7e, 0x1, 0xf8, 0x7, 0xe0, 0x1f, 0x80,
    0x7e, 0x1, 0xf8, 0x7, 0xe0, 0x1f, 0x80,

    /* U+00EE "î" */
    0x7, 0xe0, 0xf, 0xf0, 0x1f, 0xf8, 0x1f, 0xf8,
    0x3e, 0x7c, 0x7c, 0x3e, 0xf8, 0x1f, 0x0, 0x0,
    0x0, 0x0, 0x0, 0x0, 0x7, 0xe0, 0x7, 0xe0,
    0x7, 0xe0, 0x7, 0xe0, 0x7, 0xe0, 0x7, 0xe0,
    0x7, 0xe0, 0x7, 0xe0, 0x7, 0xe0, 0x7, 0xe0,
    0x7, 0xe0, 0x7, 0xe0, 0x7, 0xe0, 0x7, 0xe0,
    0x7, 0xe0, 0x7, 0xe0, 0x7, 0xe0, 0x7, 0xe0,
    0x7, 0xe0, 0x7, 0xe0, 0x7, 0xe0, 0x7, 0xe0,
    0x7, 0xe0, 0x7, 0xe0, 0x7, 0xe0, 0x7, 0xe0,

    /* U+00EF "ï" */
    0x78, 0xf7, 0xef, 0xff, 0x7f, 0xfb, 0xf7, 0x8f,
    0x0, 0x0, 0x0, 0x0, 0x0, 0x0, 0x0, 0xfc,
    0x7, 0xe0, 0x3f, 0x1, 0xf8, 0xf, 0xc0, 0x7e,
    0x3, 0xf0, 0x1f, 0x80, 0xfc, 0x7, 0xe0, 0x3f,
    0x1, 0xf8, 0xf, 0xc0, 0x7e, 0x3, 0xf0, 0x1f,
    0x80, 0xfc, 0x7, 0xe0, 0x3f, 0x1, 0xf8, 0xf,
    0xc0, 0x7e, 0x3, 0xf0, 0x1f, 0x80, 0xfc, 0x7,
    0xe0,

    /* U+00F0 "ð" */
    0x0, 0x80, 0x0, 0x0, 0xf0, 0x0, 0x1, 0xfc,
    0x3, 0x0, 0xff, 0x87, 0xc0, 0x1f, 0xef, 0xe0,
    0x3, 0xff, 0xc0, 0x0, 0xff, 0x80, 0x0, 0xff,
    0xc0, 0x1, 0xff, 0xe0, 0x3, 0xfd, 0xf8, 0x3,
    0xf0, 0x7e, 0x1, 0xe0, 0x1f, 0x0, 0x40, 0xf,
    0xc0, 0x0, 0x3, 0xf0, 0x0, 0x0, 0xf8, 0x3,
    0xf8, 0x7c, 0x7, 0xff, 0x1f, 0xf, 0xff, 0xef,
    0x8f, 0xff, 0xff, 0xc7, 0xff, 0xff, 0xf7, 0xfc,
    0x1f, 0xfb, 0xf8, 0x3, 0xff, 0xf8, 0x0, 0xff,
    0xf8, 0x0, 0x3f, 0xfc, 0x0, 0x1f, 0xfe, 0x0,
    0xf, 0xff, 0x0, 0x7, 0xff, 0x80, 0x3, 0xff,
    0xc0, 0x1, 0xf7, 0xf0, 0x1, 0xf9, 0xfc, 0x1,
    0xf8, 0xff, 0x83, 0xfc, 0x3f, 0xff, 0xfc, 0xf,
    0xff, 0xfc, 0x3, 0xff, 0xfc, 0x0, 0xff, 0xfc,
    0x0, 0xf, 0xf0, 0x0,

    /* U+00F1 "ñ" */
    0x1, 0xe0, 0x38, 0x3, 0xfc, 0x1c, 0x1, 0xff,
    0x1e, 0x1, 0xe3, 0xfe, 0x0, 0xe0, 0xff, 0x0,
    0x70, 0x1e, 0x0, 0x0, 0x0, 0x0, 0x0, 0x0,
    0x0, 0x0, 0x0, 0x0, 0x0, 0x0, 0x0, 0x3f,
    0x7, 0xf0, 0x1f, 0x9f, 0xfe, 0xf, 0xdf, 0xff,
    0xc7, 0xff, 0xff, 0xf3, 0xff, 0xff, 0xf9, 0xff,
    0x81, 0xfe, 0xff, 0x0, 0x7f, 0x7f, 0x0, 0x1f,
    0xff, 0x80, 0xf, 0xff, 0x80, 0x3, 0xff, 0xc0,
    0x1, 0xff, 0xe0, 0x0, 0xff, 0xf0, 0x0, 0x7f,
    0xf8, 0x0, 0x3f, 0xfc, 0x0, 0x1f, 0xfe, 0x0,
    0xf, 0xff, 0x0, 0x7, 0xff, 0x80, 0x3, 0xff,
    0xc0, 0x1, 0xff, 0xe0, 0x0, 0xff, 0xf0, 0x0,
    0x7f, 0xf8, 0x0, 0x3f, 0xfc, 0x0, 0x1f, 0xfe,
    0x0, 0xf, 0xff, 0x0, 0x7, 0xff, 0x80, 0x3,
    0xf0,

    /* U+00F2 "ò" */
    0x7, 0xf0, 0x0, 0x0, 0x7e, 0x0, 0x0, 0x7,
    0xe0, 0x0, 0x0, 0x7e, 0x0, 0x0, 0x3, 0xe0,
    0x0, 0x0, 0x3e, 0x0, 0x0, 0x3, 0xe0, 0x0,
    0x0, 0x0, 0x0, 0x0, 0x0, 0x0, 0x0, 0x0,
    0x0, 0x0, 0x1, 0xff, 0x0, 0x0, 0xff, 0xf8,
    0x0, 0x7f, 0xff, 0xc0, 0x1f, 0xff, 0xfc, 0x7,
    0xff, 0xff, 0xc1, 0xff, 0x7, 0xfc, 0x3f, 0x80,
    0x3f, 0x8f, 0xe0, 0x3, 0xf9, 0xf8, 0x0, 0x3f,
    0x7f, 0x0, 0x7, 0xff, 0xc0, 0x0, 0x7f, 0xf8,
    0x0, 0xf, 0xff, 0x0, 0x1, 0xff, 0xe0, 0x0,
    0x3f, 0xfc, 0x0, 0x7, 0xff, 0x80, 0x0, 0xff,
    0xf8, 0x0, 0x3f, 0xbf, 0x0, 0x7, 0xe7, 0xf0,
    0x1, 0xfc, 0x7f, 0x0, 0x7f, 0xf, 0xf8, 0x3f,
    0xe0, 0xff, 0xff, 0xf8, 0xf, 0xff, 0xfe, 0x0,
    0xff, 0xff, 0x80, 0x7, 0xff, 0xc0, 0x0, 0x3f,
    0xe0, 0x0,

    /* U+00F3 "ó" */
    0x0, 0x1, 0xfc, 0x0, 0x0, 0x7f, 0x0, 0x0,
    0x1f, 0xc0, 0x0, 0x7, 0xe0, 0x0, 0x1, 0xf8,
    0x0, 0x0, 0x7e, 0x0, 0x0, 0x1f, 0x80, 0x0,
    0x0, 0x0, 0x0, 0x0, 0x0, 0x0, 0x0, 0x0,
    0x0, 0x0, 0x1, 0xff, 0x0, 0x0, 0xff, 0xf8,
    0x0, 0x7f, 0xff, 0xc0, 0x1f, 0xff, 0xfc, 0x7,
    0xff, 0xff, 0xc1, 0xff, 0x7, 0xfc, 0x3f, 0x80,
    0x3f, 0x8f, 0xe0, 0x3, 0xf9, 0xf8, 0x0, 0x3f,
    0x7f, 0x0, 0x7, 0xff, 0xc0, 0x0, 0x7f, 0xf8,
    0x0, 0xf, 0xff, 0x0, 0x1, 0xff, 0xe0, 0x0,
    0x3f, 0xfc, 0x0, 0x7, 0xff, 0x80, 0x0, 0xff,
    0xf8, 0x0, 0x3f, 0xbf, 0x0, 0x7, 0xe7, 0xf0,
    0x1, 0xfc, 0x7f, 0x0, 0x7f, 0xf, 0xf8, 0x3f,
    0xe0, 0xff, 0xff, 0xf8, 0xf, 0xff, 0xfe, 0x0,
    0xff, 0xff, 0x80, 0x7, 0xff, 0xc0, 0x0, 0x3f,
    0xe0, 0x0,

    /* U+00F4 "ô" */
    0x0, 0x3f, 0x80, 0x0, 0xf, 0xf8, 0x0, 0x3,
    0xff, 0x80, 0x0, 0xfd, 0xf8, 0x0, 0x3f, 0x1f,
    0x80, 0xf, 0x81, 0xf8, 0x3, 0xe0, 0xf, 0x0,
    0x0, 0x0, 0x0, 0x0, 0x0, 0x0, 0x0, 0x0,
    0x0, 0x0, 0x1, 0xff, 0x0, 0x0, 0xff, 0xf8,
    0x0, 0x7f, 0xff, 0xc0, 0x1f, 0xff, 0xfc, 0x7,
    0xff, 0xff, 0xc1, 0xff, 0x7, 0xfc, 0x3f, 0x80,
    0x3f, 0x8f, 0xe0, 0x3, 0xf9, 0xf8, 0x0, 0x3f,
    0x7f, 0x0, 0x7, 0xff, 0xc0, 0x0, 0x7f, 0xf8,
    0x0, 0xf, 0xff, 0x0, 0x1, 0xff, 0xe0, 0x0,
    0x3f, 0xfc, 0x0, 0x7, 0xff, 0x80, 0x0, 0xff,
    0xf8, 0x0, 0x3f, 0xbf, 0x0, 0x7, 0xe7, 0xf0,
    0x1, 0xfc, 0x7f, 0x0, 0x7f, 0xf, 0xf8, 0x3f,
    0xe0, 0xff, 0xff, 0xf8, 0xf, 0xff, 0xfe, 0x0,
    0xff, 0xff, 0x80, 0x7, 0xff, 0xc0, 0x0, 0x3f,
    0xe0, 0x0,

    /* U+00F5 "õ" */
    0x0, 0xf0, 0x1c, 0x0, 0x7f, 0x83, 0x80, 0xf,
    0xf8, 0xf0, 0x3, 0xc7, 0xfc, 0x0, 0x70, 0x7f,
    0x80, 0xe, 0x3, 0xc0, 0x0, 0x0, 0x0, 0x0,
    0x0, 0x0, 0x0, 0x0, 0x0, 0x0, 0x0, 0x0,
    0x0, 0x0, 0x1, 0xff, 0x0, 0x0, 0xff, 0xf8,
    0x0, 0x7f, 0xff, 0xc0, 0x1f, 0xff, 0xfc, 0x7,
    0xff, 0xff, 0xc1, 0xff, 0x7, 0xfc, 0x3f, 0x80,
    0x3f, 0x8f, 0xe0, 0x3, 0xf9, 0xf8, 0x0, 0x3f,
    0x7f, 0x0, 0x7, 0xff, 0xc0, 0x0, 0x7f, 0xf8,
    0x0, 0xf, 0xff, 0x0, 0x1, 0xff, 0xe0, 0x0,
    0x3f, 0xfc, 0x0, 0x7, 0xff, 0x80, 0x0, 0xff,
    0xf8, 0x0, 0x3f, 0xbf, 0x0, 0x7, 0xe7, 0xf0,
    0x1, 0xfc, 0x7f, 0x0, 0x7f, 0xf, 0xf8, 0x3f,
    0xe0, 0xff, 0xff, 0xf8, 0xf, 0xff, 0xfe, 0x0,
    0xff, 0xff, 0x80, 0x7, 0xff, 0xc0, 0x0, 0x3f,
    0xe0, 0x0,

    /* U+00F6 "ö" */
    0x1, 0xe0, 0xf0, 0x0, 0x7e, 0x3f, 0x0, 0xf,
    0xc7, 0xe0, 0x1, 0xf8, 0xfc, 0x0, 0x3f, 0x1f,
    0x80, 0x3, 0xc1, 0xe0, 0x0, 0x0, 0x0, 0x0,
    0x0, 0x0, 0x0, 0x0, 0x0, 0x0, 0x0, 0x0,
    0x0, 0x0, 0x1, 0xff, 0x0, 0x0, 0xff, 0xf8,
    0x0, 0x7f, 0xff, 0xc0, 0x1f, 0xff, 0xfc, 0x7,
    0xff, 0xff, 0xc1, 0xff, 0x7, 0xfc, 0x3f, 0x80,
    0x3f, 0x8f, 0xe0, 0x3, 0xf9, 0xf8, 0x0, 0x3f,
    0x7f, 0x0, 0x7, 0xff, 0xc0, 0x0, 0x7f, 0xf8,
    0x0, 0xf, 0xff, 0x0, 0x1, 0xff, 0xe0, 0x0,
    0x3f, 0xfc, 0x0, 0x7, 0xff, 0x80, 0x0, 0xff,
    0xf8, 0x0, 0x3f, 0xbf, 0x0, 0x7, 0xe7, 0xf0,
    0x1, 0xfc, 0x7f, 0x0, 0x7f, 0xf, 0xf8, 0x3f,
    0xe0, 0xff, 0xff, 0xf8, 0xf, 0xff, 0xfe, 0x0,
    0xff, 0xff, 0x80, 0x7, 0xff, 0xc0, 0x0, 0x3f,
    0xe0, 0x0,

    /* U+00F7 "÷" */
    0x0, 0x78, 0x0, 0x3, 0xf0, 0x0, 0xf, 0xc0,
    0x0, 0x3f, 0x0, 0x0, 0xfc, 0x0, 0x3, 0xe0,
    0x0, 0x7, 0x80, 0x0, 0x0, 0x0, 0x0, 0x0,
    0x0, 0x0, 0x0, 0xf, 0xff, 0xff, 0xff, 0xff,
    0xff, 0xff, 0xff, 0xff, 0xff, 0xff, 0xff, 0xff,
    0xff, 0xc0, 0x0, 0x0, 0x0, 0x0, 0x0, 0x0,
    0x0, 0x0, 0x0, 0x0, 0x0, 0x1e, 0x0, 0x0,
    0xfc, 0x0, 0x3, 0xf0, 0x0, 0xf, 0xc0, 0x0,
    0x3f, 0x0, 0x0, 0xf8, 0x0, 0x1, 0xe0, 0x0,

    /* U+00F8 "ø" */
    0x0, 0x0, 0x1e, 0x0, 0x0, 0x3, 0xc0, 0x0,
    0x0, 0xf0, 0x0, 0x3f, 0xfe, 0x0, 0x1f, 0xff,
    0x80, 0xf, 0xff, 0xf8, 0x3, 0xff, 0xff, 0x80,
    0xff, 0xff, 0xf8, 0x3f, 0xe1, 0xff, 0x87, 0xf0,
    0x3f, 0xf1, 0xfc, 0xf, 0x7f, 0x3f, 0x1, 0xe7,
    0xef, 0xe0, 0x78, 0xff, 0xf8, 0xf, 0xf, 0xff,
    0x3, 0xc1, 0xff, 0xe0, 0x78, 0x3f, 0xfc, 0x1e,
    0x7, 0xff, 0x83, 0xc0, 0xff, 0xf0, 0xf0, 0x1f,
    0xff, 0x1e, 0x7, 0xf7, 0xe7, 0x80, 0xfc, 0xfe,
    0xe0, 0x3f, 0x8f, 0xfc, 0xf, 0xe1, 0xff, 0x7,
    0xfc, 0x1f, 0xff, 0xff, 0x1, 0xff, 0xff, 0xc0,
    0x1f, 0xff, 0xf0, 0x1, 0xff, 0xf8, 0x0, 0x7f,
    0xfc, 0x0, 0xe, 0x0, 0x0, 0x3, 0xc0, 0x0,
    0x0, 0xf0, 0x0, 0x0, 0x1e, 0x0, 0x0, 0x0,

    /* U+00F9 "ù" */
    0xf, 0xe0, 0x0, 0x3, 0xf8, 0x0, 0x0, 0xfe,
    0x0, 0x0, 0x3f, 0x80, 0x0, 0x7, 0xe0, 0x0,
    0x1, 0xf8, 0x0, 0x0, 0x7e, 0x0, 0x0, 0x0,
    0x0, 0x0, 0x0, 0x0, 0x0, 0x0, 0x0, 0x3f,
    0x0, 0x7, 0xff, 0x80, 0x3, 0xff, 0xc0, 0x1,
    0xff, 0xe0, 0x0, 0xff, 0xf0, 0x0, 0x7f, 0xf8,
    0x0, 0x3f, 0xfc, 0x0, 0x1f, 0xfe, 0x0, 0xf,
    0xff, 0x0, 0x7, 0xff, 0x80, 0x3, 0xff, 0xc0,
    0x1, 0xff, 0xe0, 0x0, 0xff, 0xf0, 0x0, 0x7f,
    0xf8, 0x0, 0x3f, 0xfc, 0x0, 0x1f, 0xfe, 0x0,
    0xf, 0xff, 0x0, 0x7, 0xff, 0xc0, 0x7, 0xff,
    0xe0, 0x3, 0xfb, 0xf8, 0x3, 0xfd, 0xfe, 0x7,
    0xfe, 0x7f, 0xff, 0xff, 0x3f, 0xff, 0xff, 0x8f,
    0xff, 0xef, 0xc1, 0xff, 0xe7, 0xe0, 0x3f, 0xc3,
    0xf0,

    /* U+00FA "ú" */
    0x0, 0x3, 0xf8, 0x0, 0x3, 0xf8, 0x0, 0x3,
    0xf8, 0x0, 0x3, 0xf8, 0x0, 0x3, 0xf0, 0x0,
    0x3, 0xf0, 0x0, 0x3, 0xf0, 0x0, 0x0, 0x0,
    0x0, 0x0, 0x0, 0x0, 0x0, 0x0, 0x0, 0x3f,
    0x0, 0x7, 0xff, 0x80, 0x3, 0xff, 0xc0, 0x1,
    0xff, 0xe0, 0x0, 0xff, 0xf0, 0x0, 0x7f, 0xf8,
    0x0, 0x3f, 0xfc, 0x0, 0x1f, 0xfe, 0x0, 0xf,
    0xff, 0x0, 0x7, 0xff, 0x80, 0x3, 0xff, 0xc0,
    0x1, 0xff, 0xe0, 0x0, 0xff, 0xf0, 0x0, 0x7f,
    0xf8, 0x0, 0x3f, 0xfc, 0x0, 0x1f, 0xfe, 0x0,
    0xf, 0xff, 0x0, 0x7, 0xff, 0xc0, 0x7, 0xff,
    0xe0, 0x3, 0xfb, 0xf8, 0x3, 0xfd, 0xfe, 0x7,
    0xfe, 0x7f, 0xff, 0xff, 0x3f, 0xff, 0xff, 0x8f,
    0xff, 0xef, 0xc1, 0xff, 0xe7, 0xe0, 0x3f, 0xc3,
    0xf0,

    /* U+00FB "û" */
    0x0, 0x7f, 0x0, 0x0, 0x7f, 0xc0, 0x0, 0x7f,
    0xf0, 0x0, 0x7e, 0xfc, 0x0, 0x7e, 0x3f, 0x0,
    0x7c, 0xf, 0xc0, 0x7c, 0x1, 0xf0, 0x0, 0x0,
    0x0, 0x0, 0x0, 0x0, 0x0, 0x0, 0x0, 0x3f,
    0x0, 0x7, 0xff, 0x80, 0x3, 0xff, 0xc0, 0x1,
    0xff, 0xe0, 0x0, 0xff, 0xf0, 0x0, 0x7f, 0xf8,
    0x0, 0x3f, 0xfc, 0x0, 0x1f, 0xfe, 0x0, 0xf,
    0xff, 0x0, 0x7, 0xff, 0x80, 0x3, 0xff, 0xc0,
    0x1, 0xff, 0xe0, 0x0, 0xff, 0xf0, 0x0, 0x7f,
    0xf8, 0x0, 0x3f, 0xfc, 0x0, 0x1f, 0xfe, 0x0,
    0xf, 0xff, 0x0, 0x7, 0xff, 0xc0, 0x7, 0xff,
    0xe0, 0x3, 0xfb, 0xf8, 0x3, 0xfd, 0xfe, 0x7,
    0xfe, 0x7f, 0xff, 0xff, 0x3f, 0xff, 0xff, 0x8f,
    0xff, 0xef, 0xc1, 0xff, 0xe7, 0xe0, 0x3f, 0xc3,
    0xf0,

    /* U+00FC "ü" */
    0x3, 0xc1, 0xe0, 0x3, 0xf1, 0xf8, 0x1, 0xf8,
    0xfc, 0x0, 0xfc, 0x7e, 0x0, 0x7e, 0x3f, 0x0,
    0x1e, 0xf, 0x0, 0x0, 0x0, 0x0, 0x0, 0x0,
    0x0, 0x0, 0x0, 0x0, 0x0, 0x0, 0x0, 0x3f,
    0x0, 0x7, 0xff, 0x80, 0x3, 0xff, 0xc0, 0x1,
    0xff, 0xe0, 0x0, 0xff, 0xf0, 0x0, 0x7f, 0xf8,
    0x0, 0x3f, 0xfc, 0x0, 0x1f, 0xfe, 0x0, 0xf,
    0xff, 0x0, 0x7, 0xff, 0x80, 0x3, 0xff, 0xc0,
    0x1, 0xff, 0xe0, 0x0, 0xff, 0xf0, 0x0, 0x7f,
    0xf8, 0x0, 0x3f, 0xfc, 0x0, 0x1f, 0xfe, 0x0,
    0xf, 0xff, 0x0, 0x7, 0xff, 0xc0, 0x7, 0xff,
    0xe0, 0x3, 0xfb, 0xf8, 0x3, 0xfd, 0xfe, 0x7,
    0xfe, 0x7f, 0xff, 0xff, 0x3f, 0xff, 0xff, 0x8f,
    0xff, 0xef, 0xc1, 0xff, 0xe7, 0xe0, 0x3f, 0xc3,
    0xf0,

    /* U+00FD "ý" */
    0x0, 0x0, 0x7f, 0x0, 0x0, 0x7, 0xe0, 0x0,
    0x0, 0x7e, 0x0, 0x0, 0x7, 0xe0, 0x0, 0x0,
    0x7e, 0x0, 0x0, 0x7, 0xc0, 0x0, 0x0, 0x7c,
    0x0, 0x0, 0x0, 0x0, 0x0, 0x0, 0x0, 0x0,
    0x0, 0x0, 0x0, 0x0, 0x0, 0x0, 0x0, 0x0,
    0xfc, 0x0, 0x3, 0xf7, 0xf0, 0x0, 0x1f, 0x1f,
    0x80, 0x1, 0xf8, 0xfe, 0x0, 0xf, 0x83, 0xf0,
    0x0, 0xfc, 0x1f, 0x80, 0x7, 0xe0, 0x7e, 0x0,
    0x7e, 0x3, 0xf0, 0x3, 0xf0, 0x1f, 0xc0, 0x3f,
    0x0, 0x7e, 0x1, 0xf8, 0x3, 0xf8, 0xf, 0x80,
    0xf, 0xc0, 0xfc, 0x0, 0x7e, 0x7, 0xc0, 0x1,
    0xf8, 0x7e, 0x0, 0xf, 0xc3, 0xf0, 0x0, 0x3f,
    0x3f, 0x0, 0x1, 0xf9, 0xf8, 0x0, 0xf, 0xcf,
    0x80, 0x0, 0x3f, 0xfc, 0x0, 0x1, 0xff, 0xc0,
    0x0, 0x7, 0xfe, 0x0, 0x0, 0x3f, 0xf0, 0x0,
    0x0, 0xff, 0x0, 0x0, 0x7, 0xf8, 0x0, 0x0,
    0x1f, 0x80, 0x0, 0x0, 0xfc, 0x0, 0x0, 0xf,
    0xc0, 0x0, 0x0, 0x7e, 0x0, 0x4, 0x7, 0xe0,
    0x0, 0x38, 0x7f, 0x0, 0x3, 0xff, 0xf0, 0x0,
    0x1f, 0xff, 0x80, 0x1, 0xff, 0xf8, 0x0, 0x7,
    0xff, 0x80, 0x0, 0x7, 0xe0, 0x0, 0x0,

    /* U+00FE "þ" */
    0xfc, 0x0, 0x0, 0x1f, 0x80, 0x0, 0x3, 0xf0,
    0x0, 0x0, 0x7e, 0x0, 0x0, 0xf, 0xc0, 0x0,
    0x1, 0xf8, 0x0, 0x0, 0x3f, 0x0, 0x0, 0x7,
    0xe0, 0x0, 0x0, 0xfc, 0x0, 0x0, 0x1f, 0x80,
    0x0, 0x3, 0xf0, 0x7f, 0x0, 0x7e, 0x7f, 0xfc,
    0xf, 0xdf, 0xff, 0xc1, 0xff, 0xff, 0xfc, 0x3f,
    0xff, 0xff, 0xc7, 0xff, 0x7, 0xfc, 0xff, 0x80,
    0x3f, 0xdf, 0xe0, 0x3, 0xfb, 0xf8, 0x0, 0x3f,
    0x7f, 0x0, 0x7, 0xff, 0xc0, 0x0, 0x7f, 0xf8,
    0x0, 0xf, 0xff, 0x0, 0x1, 0xff, 0xe0, 0x0,
    0x3f, 0xfc, 0x0, 0x7, 0xff, 0x80, 0x0, 0xff,
    0xf8, 0x0, 0x3f, 0xff, 0x0, 0x7, 0xef, 0xf0,
    0x1, 0xfd, 0xff, 0x0, 0x7f, 0xbf, 0xf8, 0x3f,
    0xe7, 0xff, 0xff, 0xf8, 0xff, 0xff, 0xfe, 0x1f,
    0xbf, 0xff, 0x83, 0xf3, 0xff, 0xe0, 0x7e, 0xf,
    0xe0, 0xf, 0xc0, 0x0, 0x1, 0xf8, 0x0, 0x0,
    0x3f, 0x0, 0x0, 0x7, 0xe0, 0x0, 0x0, 0xfc,
    0x0, 0x0, 0x1f, 0x80, 0x0, 0x3, 0xf0, 0x0,
    0x0, 0x7e, 0x0, 0x0, 0xf, 0xc0, 0x0, 0x0,

    /* U+00FF "ÿ" */
    0x0, 0xf0, 0x78, 0x0, 0xf, 0xc7, 0xe0, 0x0,
    0x7e, 0x3f, 0x0, 0x3, 0xf1, 0xf8, 0x0, 0x1f,
    0x8f, 0xc0, 0x0, 0x78, 0x3c, 0x0, 0x0, 0x0,
    0x0, 0x0, 0x0, 0x0, 0x0, 0x0, 0x0, 0x0,
    0x0, 0x0, 0x0, 0x0, 0x1f, 0xc0, 0x0, 0x7e,
    0x7e, 0x0, 0x3, 0xf3, 0xf0, 0x0, 0x3f, 0xf,
    0xc0, 0x1, 0xf8, 0x7e, 0x0, 0x1f, 0x81, 0xf8,
    0x0, 0xfc, 0xf, 0xc0, 0x7, 0xc0, 0x7e, 0x0,
    0x7e, 0x1, 0xf8, 0x3, 0xe0, 0xf, 0xc0, 0x3f,
    0x0, 0x3f, 0x1, 0xf8, 0x1, 0xf8, 0x1f, 0x80,
    0x7, 0xe0, 0xfc, 0x0, 0x3f, 0xf, 0xc0, 0x0,
    0xf8, 0x7e, 0x0, 0x7, 0xe3, 0xe0, 0x0, 0x3f,
    0x3f, 0x0, 0x0, 0xfd, 0xf8, 0x0, 0x7, 0xff,
    0x80, 0x0, 0x1f, 0xfc, 0x0, 0x0, 0xff, 0xc0,
    0x0, 0x3, 0xfe, 0x0, 0x0, 0x1f, 0xe0, 0x0,
    0x0, 0x7f, 0x0, 0x0, 0x3, 0xf0, 0x0, 0x0,
    0x1f, 0x80, 0x0, 0x0, 0xfc, 0x0, 0x0, 0xf,
    0xc0, 0x0, 0x0, 0x7e, 0x0, 0x7, 0x7, 0xe0,
    0x0, 0x3f, 0xff, 0x0, 0x3, 0xff, 0xf0, 0x0,
    0x1f, 0xff, 0x0, 0x0, 0x7f, 0xf0, 0x0, 0x0,
    0xfe, 0x0, 0x0, 0x0
};


/*---------------------
 *  GLYPH DESCRIPTION
 *--------------------*/

static const lv_font_fmt_txt_glyph_dsc_t glyph_dsc[] = {
    {.bitmap_index = 0, .adv_w = 0, .box_w = 0, .box_h = 0, .ofs_x = 0, .ofs_y = 0} /* id = 0 reserved */,
    {.bitmap_index = 0, .adv_w = 212, .box_w = 1, .box_h = 1, .ofs_x = 0, .ofs_y = 0},
    {.bitmap_index = 1, .adv_w = 214, .box_w = 8, .box_h = 34, .ofs_x = 3, .ofs_y = 0},
    {.bitmap_index = 35, .adv_w = 317, .box_w = 14, .box_h = 13, .ofs_x = 3, .ofs_y = 21},
    {.bitmap_index = 58, .adv_w = 546, .box_w = 32, .box_h = 34, .ofs_x = 1, .ofs_y = 0},
    {.bitmap_index = 194, .adv_w = 483, .box_w = 27, .box_h = 45, .ofs_x = 1, .ofs_y = -5},
    {.bitmap_index = 346, .adv_w = 660, .box_w = 38, .box_h = 34, .ofs_x = 2, .ofs_y = 0},
    {.bitmap_index = 508, .adv_w = 542, .box_w = 31, .box_h = 34, .ofs_x = 2, .ofs_y = 0},
    {.bitmap_index = 640, .adv_w = 169, .box_w = 5, .box_h = 13, .ofs_x = 3, .ofs_y = 21},
    {.bitmap_index = 649, .adv_w = 266, .box_w = 12, .box_h = 45, .ofs_x = 4, .ofs_y = -9},
    {.bitmap_index = 717, .adv_w = 267, .box_w = 12, .box_h = 45, .ofs_x = 1, .ofs_y = -9},
    {.bitmap_index = 785, .adv_w = 319, .box_w = 18, .box_h = 18, .ofs_x = 1, .ofs_y = 17},
    {.bitmap_index = 826, .adv_w = 453, .box_w = 22, .box_h = 21, .ofs_x = 3, .ofs_y = 6},
    {.bitmap_index = 884, .adv_w = 187, .box_w = 8, .box_h = 15, .ofs_x = 2, .ofs_y = -7},
    {.bitmap_index = 899, .adv_w = 296, .box_w = 13, .box_h = 5, .ofs_x = 3, .ofs_y = 11},
    {.bitmap_index = 908, .adv_w = 187, .box_w = 8, .box_h = 8, .ofs_x = 2, .ofs_y = 0},
    {.bitmap_index = 916, .adv_w = 285, .box_w = 21, .box_h = 46, .ofs_x = -1, .ofs_y = -5},
    {.bitmap_index = 1037, .adv_w = 517, .box_w = 28, .box_h = 34, .ofs_x = 2, .ofs_y = 0},
    {.bitmap_index = 1156, .adv_w = 293, .box_w = 13, .box_h = 34, .ofs_x = 1, .ofs_y = 0},
    {.bitmap_index = 1212, .adv_w = 447, .box_w = 26, .box_h = 34, .ofs_x = 1, .ofs_y = 0},
    {.bitmap_index = 1323, .adv_w = 447, .box_w = 26, .box_h = 34, .ofs_x = 0, .ofs_y = 0},
    {.bitmap_index = 1434, .adv_w = 521, .box_w = 30, .box_h = 34, .ofs_x = 2, .ofs_y = 0},
    {.bitmap_index = 1562, .adv_w = 449, .box_w = 26, .box_h = 34, .ofs_x = 0, .ofs_y = 0},
    {.bitmap_index = 1673, .adv_w = 482, .box_w = 27, .box_h = 34, .ofs_x = 2, .ofs_y = 0},
    {.bitmap_index = 1788, .adv_w = 467, .box_w = 26, .box_h = 34, .ofs_x = 1, .ofs_y = 0},
    {.bitmap_index = 1899, .adv_w = 501, .box_w = 27, .box_h = 34, .ofs_x = 2, .ofs_y = 0},
    {.bitmap_index = 2014, .adv_w = 482, .box_w = 27, .box_h = 34, .ofs_x = 1, .ofs_y = 0},
    {.bitmap_index = 2129, .adv_w = 187, .box_w = 8, .box_h = 26, .ofs_x = 2, .ofs_y = 0},
    {.bitmap_index = 2155, .adv_w = 187, .box_w = 8, .box_h = 33, .ofs_x = 2, .ofs_y = -7},
    {.bitmap_index = 2188, .adv_w = 453, .box_w = 22, .box_h = 22, .ofs_x = 3, .ofs_y = 6},
    {.bitmap_index = 2249, .adv_w = 453, .box_w = 22, .box_h = 17, .ofs_x = 3, .ofs_y = 9},
    {.bitmap_index = 2296, .adv_w = 453, .box_w = 22, .box_h = 22, .ofs_x = 3, .ofs_y = 6},
    {.bitmap_index = 2357, .adv_w = 446, .box_w = 25, .box_h = 34, .ofs_x = 0, .ofs_y = 0},
    {.bitmap_index = 2464, .adv_w = 794, .box_w = 45, .box_h = 43, .ofs_x = 2, .ofs_y = -9},
    {.bitmap_index = 2706, .adv_w = 575, .box_w = 36, .box_h = 34, .ofs_x = 0, .ofs_y = 0},
    {.bitmap_index = 2859, .adv_w = 584, .box_w = 30, .box_h = 34, .ofs_x = 5, .ofs_y = 0},
    {.bitmap_index = 2987, .adv_w = 551, .box_w = 31, .box_h = 34, .ofs_x = 2, .ofs_y = 0},
    {.bitmap_index = 3119, .adv_w = 634, .box_w = 33, .box_h = 34, .ofs_x = 5, .ofs_y = 0},
    {.bitmap_index = 3260, .adv_w = 515, .box_w = 25, .box_h = 34, .ofs_x = 5, .ofs_y = 0},
    {.bitmap_index = 3367, .adv_w = 489, .box_w = 25, .box_h = 34, .ofs_x = 5, .ofs_y = 0},
    {.bitmap_index = 3474, .adv_w = 593, .box_w = 31, .box_h = 34, .ofs_x = 2, .ofs_y = 0},
    {.bitmap_index = 3606, .adv_w = 622, .box_w = 30, .box_h = 34, .ofs_x = 5, .ofs_y = 0},
    {.bitmap_index = 3734, .adv_w = 245, .box_w = 6, .box_h = 34, .ofs_x = 5, .ofs_y = 0},
    {.bitmap_index = 3760, .adv_w = 405, .box_w = 22, .box_h = 34, .ofs_x = -1, .ofs_y = 0},
    {.bitmap_index = 3854, .adv_w = 560, .box_w = 30, .box_h = 34, .ofs_x = 5, .ofs_y = 0},
    {.bitmap_index = 3982, .adv_w = 460, .box_w = 24, .box_h = 34, .ofs_x = 5, .ofs_y = 0},
    {.bitmap_index = 4084, .adv_w = 733, .box_w = 37, .box_h = 34, .ofs_x = 5, .ofs_y = 0},
    {.bitmap_index = 4242, .adv_w = 622, .box_w = 30, .box_h = 34, .ofs_x = 5, .ofs_y = 0},
    {.bitmap_index = 4370, .adv_w = 647, .box_w = 36, .box_h = 34, .ofs_x = 2, .ofs_y = 0},
    {.bitmap_index = 4523, .adv_w = 558, .box_w = 28, .box_h = 34, .ofs_x = 5, .ofs_y = 0},
    {.bitmap_index = 4642, .adv_w = 647, .box_w = 38, .box_h = 41, .ofs_x = 2, .ofs_y = -7},
    {.bitmap_index = 4837, .adv_w = 561, .box_w = 29, .box_h = 34, .ofs_x = 5, .ofs_y = 0},
    {.bitmap_index = 4961, .adv_w = 483, .box_w = 27, .box_h = 34, .ofs_x = 1, .ofs_y = 0},
    {.bitmap_index = 5076, .adv_w = 462, .box_w = 29, .box_h = 34, .ofs_x = 1, .ofs_y = 0},
    {.bitmap_index = 5200, .adv_w = 606, .box_w = 29, .box_h = 34, .ofs_x = 4, .ofs_y = 0},
    {.bitmap_index = 5324, .adv_w = 560, .box_w = 35, .box_h = 34, .ofs_x = 0, .ofs_y = 0},
    {.bitmap_index = 5473, .adv_w = 879, .box_w = 53, .box_h = 34, .ofs_x = 1, .ofs_y = 0},
    {.bitmap_index = 5699, .adv_w = 532, .box_w = 33, .box_h = 34, .ofs_x = 0, .ofs_y = 0},
    {.bitmap_index = 5840, .adv_w = 508, .box_w = 32, .box_h = 34, .ofs_x = 0, .ofs_y = 0},
    {.bitmap_index = 5976, .adv_w = 509, .box_w = 29, .box_h = 34, .ofs_x = 2, .ofs_y = 0},
    {.bitmap_index = 6100, .adv_w = 269, .box_w = 12, .box_h = 45, .ofs_x = 5, .ofs_y = -9},
    {.bitmap_index = 6168, .adv_w = 285, .box_w = 21, .box_h = 46, .ofs_x = -2, .ofs_y = -5},
    {.bitmap_index = 6289, .adv_w = 269, .box_w = 12, .box_h = 45, .ofs_x = 0, .ofs_y = -9},
    {.bitmap_index = 6357, .adv_w = 454, .box_w = 22, .box_h = 20, .ofs_x = 3, .ofs_y = 7},
    {.bitmap_index = 6412, .adv_w = 384, .box_w = 24, .box_h = 3, .ofs_x = 0, .ofs_y = -4},
    {.bitmap_index = 6421, .adv_w = 461, .box_w = 13, .box_h = 7, .ofs_x = 5, .ofs_y = 29},
    {.bitmap_index = 6433, .adv_w = 466, .box_w = 23, .box_h = 26, .ofs_x = 2, .ofs_y = 0},
    {.bitmap_index = 6508, .adv_w = 527, .box_w = 27, .box_h = 35, .ofs_x = 4, .ofs_y = 0},
    {.bitmap_index = 6627, .adv_w = 446, .box_w = 25, .box_h = 26, .ofs_x = 2, .ofs_y = 0},
    {.bitmap_index = 6709, .adv_w = 528, .box_w = 27, .box_h = 35, .ofs_x = 2, .ofs_y = 0},
    {.bitmap_index = 6828, .adv_w = 478, .box_w = 26, .box_h = 26, .ofs_x = 2, .ofs_y = 0},
    {.bitmap_index = 6913, .adv_w = 283, .box_w = 19, .box_h = 36, .ofs_x = 1, .ofs_y = 0},
    {.bitmap_index = 6999, .adv_w = 533, .box_w = 28, .box_h = 35, .ofs_x = 2, .ofs_y = -9},
    {.bitmap_index = 7122, .adv_w = 526, .box_w = 25, .box_h = 35, .ofs_x = 4, .ofs_y = 0},
    {.bitmap_index = 7232, .adv_w = 222, .box_w = 8, .box_h = 37, .ofs_x = 3, .ofs_y = 0},
    {.bitmap_index = 7269, .adv_w = 227, .box_w = 16, .box_h = 47, .ofs_x = -5, .ofs_y = -9},
    {.bitmap_index = 7363, .adv_w = 488, .box_w = 27, .box_h = 35, .ofs_x = 4, .ofs_y = 0},
    {.bitmap_index = 7482, .adv_w = 222, .box_w = 6, .box_h = 35, .ofs_x = 4, .ofs_y = 0},
    {.bitmap_index = 7509, .adv_w = 809, .box_w = 43, .box_h = 26, .ofs_x = 4, .ofs_y = 0},
    {.bitmap_index = 7649, .adv_w = 526, .box_w = 25, .box_h = 26, .ofs_x = 4, .ofs_y = 0},
    {.bitmap_index = 7731, .adv_w = 495, .box_w = 27, .box_h = 26, .ofs_x = 2, .ofs_y = 0},
    {.bitmap_index = 7819, .adv_w = 527, .box_w = 27, .box_h = 35, .ofs_x = 4, .ofs_y = -9},
    {.bitmap_index = 7938, .adv_w = 527, .box_w = 27, .box_h = 35, .ofs_x = 2, .ofs_y = -9},
    {.bitmap_index = 8057, .adv_w = 323, .box_w = 15, .box_h = 26, .ofs_x = 4, .ofs_y = 0},
    {.bitmap_index = 8106, .adv_w = 396, .box_w = 23, .box_h = 26, .ofs_x = 1, .ofs_y = 0},
    {.bitmap_index = 8181, .adv_w = 326, .box_w = 19, .box_h = 32, .ofs_x = 1, .ofs_y = 0},
    {.bitmap_index = 8257, .adv_w = 523, .box_w = 25, .box_h = 26, .ofs_x = 4, .ofs_y = 0},
    {.bitmap_index = 8339, .adv_w = 444, .box_w = 28, .box_h = 26, .ofs_x = 0, .ofs_y = 0},
    {.bitmap_index = 8430, .adv_w = 706, .box_w = 44, .box_h = 26, .ofs_x = 0, .ofs_y = 0},
    {.bitmap_index = 8573, .adv_w = 440, .box_w = 27, .box_h = 26, .ofs_x = 0, .ofs_y = 0},
    {.bitmap_index = 8661, .adv_w = 444, .box_w = 29, .box_h = 35, .ofs_x = -1, .ofs_y = -9},
    {.bitmap_index = 8788, .adv_w = 409, .box_w = 22, .box_h = 26, .ofs_x = 2, .ofs_y = 0},
    {.bitmap_index = 8860, .adv_w = 284, .box_w = 15, .box_h = 45, .ofs_x = 2, .ofs_y = -9},
    {.bitmap_index = 8945, .adv_w = 233, .box_w = 6, .box_h = 45, .ofs_x = 5, .ofs_y = -9},
    {.bitmap_index = 8979, .adv_w = 284, .box_w = 15, .box_h = 45, .ofs_x = 0, .ofs_y = -9},
    {.bitmap_index = 9064, .adv_w = 453, .box_w = 23, .box_h = 9, .ofs_x = 3, .ofs_y = 12},
    {.bitmap_index = 9090, .adv_w = 211, .box_w = 1, .box_h = 1, .ofs_x = 0, .ofs_y = 0},
    {.bitmap_index = 9091, .adv_w = 214, .box_w = 8, .box_h = 33, .ofs_x = 3, .ofs_y = -7},
    {.bitmap_index = 9124, .adv_w = 446, .box_w = 24, .box_h = 37, .ofs_x = 2, .ofs_y = -6},
    {.bitmap_index = 9235, .adv_w = 505, .box_w = 30, .box_h = 34, .ofs_x = 1, .ofs_y = 0},
    {.bitmap_index = 9363, .adv_w = 538, .box_w = 32, .box_h = 31, .ofs_x = 1, .ofs_y = 0},
    {.bitmap_index = 9487, .adv_w = 554, .box_w = 35, .box_h = 34, .ofs_x = 0, .ofs_y = 0},
    {.bitmap_index = 9636, .adv_w = 233, .box_w = 6, .box_h = 45, .ofs_x = 5, .ofs_y = -9},
    {.bitmap_index = 9670, .adv_w = 392, .box_w = 21, .box_h = 40, .ofs_x = 2, .ofs_y = -6},
    {.bitmap_index = 9775, .adv_w = 461, .box_w = 15, .box_h = 6, .ofs_x = 7, .ofs_y = 30},
    {.bitmap_index = 9787, .adv_w = 610, .box_w = 34, .box_h = 34, .ofs_x = 2, .ofs_y = 0},
    {.bitmap_index = 9932, .adv_w = 313, .box_w = 15, .box_h = 16, .ofs_x = 2, .ofs_y = 19},
    {.bitmap_index = 9962, .adv_w = 411, .box_w = 22, .box_h = 18, .ofs_x = 2, .ofs_y = 4},
    {.bitmap_index = 10012, .adv_w = 453, .box_w = 22, .box_h = 14, .ofs_x = 3, .ofs_y = 5},
    {.bitmap_index = 10051, .adv_w = 610, .box_w = 34, .box_h = 34, .ofs_x = 2, .ofs_y = 0},
    {.bitmap_index = 10196, .adv_w = 461, .box_w = 17, .box_h = 3, .ofs_x = 6, .ofs_y = 31},
    {.bitmap_index = 10203, .adv_w = 322, .box_w = 16, .box_h = 16, .ofs_x = 2, .ofs_y = 18},
    {.bitmap_index = 10235, .adv_w = 453, .box_w = 22, .box_h = 30, .ofs_x = 3, .ofs_y = 0},
    {.bitmap_index = 10318, .adv_w = 330, .box_w = 17, .box_h = 19, .ofs_x = 1, .ofs_y = 16},
    {.bitmap_index = 10359, .adv_w = 330, .box_w = 18, .box_h = 19, .ofs_x = 1, .ofs_y = 16},
    {.bitmap_index = 10402, .adv_w = 461, .box_w = 14, .box_h = 7, .ofs_x = 10, .ofs_y = 29},
    {.bitmap_index = 10415, .adv_w = 527, .box_w = 25, .box_h = 35, .ofs_x = 4, .ofs_y = -9},
    {.bitmap_index = 10525, .adv_w = 511, .box_w = 27, .box_h = 41, .ofs_x = 1, .ofs_y = -5},
    {.bitmap_index = 10664, .adv_w = 218, .box_w = 8, .box_h = 8, .ofs_x = 3, .ofs_y = 9},
    {.bitmap_index = 10672, .adv_w = 461, .box_w = 11, .box_h = 11, .ofs_x = 8, .ofs_y = -11},
    {.bitmap_index = 10688, .adv_w = 330, .box_w = 14, .box_h = 19, .ofs_x = 4, .ofs_y = 16},
    {.bitmap_index = 10722, .adv_w = 324, .box_w = 18, .box_h = 16, .ofs_x = 1, .ofs_y = 19},
    {.bitmap_index = 10758, .adv_w = 411, .box_w = 23, .box_h = 18, .ofs_x = 1, .ofs_y = 4},
    {.bitmap_index = 10810, .adv_w = 798, .box_w = 45, .box_h = 34, .ofs_x = 4, .ofs_y = -1},
    {.bitmap_index = 11002, .adv_w = 798, .box_w = 44, .box_h = 33, .ofs_x = 4, .ofs_y = 0},
    {.bitmap_index = 11184, .adv_w = 798, .box_w = 48, .box_h = 34, .ofs_x = 1, .ofs_y = -1},
    {.bitmap_index = 11388, .adv_w = 446, .box_w = 25, .box_h = 33, .ofs_x = 3, .ofs_y = -7},
    {.bitmap_index = 11492, .adv_w = 575, .box_w = 36, .box_h = 43, .ofs_x = 0, .ofs_y = 0},
    {.bitmap_index = 11686, .adv_w = 575, .box_w = 36, .box_h = 43, .ofs_x = 0, .ofs_y = 0},
    {.bitmap_index = 11880, .adv_w = 575, .box_w = 36, .box_h = 43, .ofs_x = 0, .ofs_y = 0},
    {.bitmap_index = 12074, .adv_w = 575, .box_w = 36, .box_h = 43, .ofs_x = 0, .ofs_y = 0},
    {.bitmap_index = 12268, .adv_w = 575, .box_w = 37, .box_h = 43, .ofs_x = -1, .ofs_y = 0},
    {.bitmap_index = 12467, .adv_w = 575, .box_w = 37, .box_h = 47, .ofs_x = -1, .ofs_y = 0},
    {.bitmap_index = 12685, .adv_w = 816, .box_w = 49, .box_h = 34, .ofs_x = -1, .ofs_y = 0},
    {.bitmap_index = 12894, .adv_w = 551, .box_w = 32, .box_h = 44, .ofs_x = 2, .ofs_y = -10},
    {.bitmap_index = 13070, .adv_w = 515, .box_w = 25, .box_h = 43, .ofs_x = 5, .ofs_y = 0},
    {.bitmap_index = 13205, .adv_w = 515, .box_w = 25, .box_h = 43, .ofs_x = 5, .ofs_y = 0},
    {.bitmap_index = 13340, .adv_w = 515, .box_w = 25, .box_h = 43, .ofs_x = 5, .ofs_y = 0},
    {.bitmap_index = 13475, .adv_w = 515, .box_w = 25, .box_h = 43, .ofs_x = 5, .ofs_y = 0},
    {.bitmap_index = 13610, .adv_w = 245, .box_w = 13, .box_h = 43, .ofs_x = -1, .ofs_y = 0},
    {.bitmap_index = 13680, .adv_w = 245, .box_w = 13, .box_h = 43, .ofs_x = 4, .ofs_y = 0},
    {.bitmap_index = 13750, .adv_w = 245, .box_w = 18, .box_h = 43, .ofs_x = -1, .ofs_y = 0},
    {.bitmap_index = 13847, .adv_w = 245, .box_w = 15, .box_h = 43, .ofs_x = 1, .ofs_y = 0},
    {.bitmap_index = 13928, .adv_w = 642, .box_w = 38, .box_h = 34, .ofs_x = 0, .ofs_y = 0},
    {.bitmap_index = 14090, .adv_w = 622, .box_w = 30, .box_h = 43, .ofs_x = 5, .ofs_y = 0},
    {.bitmap_index = 14252, .adv_w = 647, .box_w = 36, .box_h = 44, .ofs_x = 2, .ofs_y = 0},
    {.bitmap_index = 14450, .adv_w = 647, .box_w = 36, .box_h = 44, .ofs_x = 2, .ofs_y = 0},
    {.bitmap_index = 14648, .adv_w = 647, .box_w = 36, .box_h = 44, .ofs_x = 2, .ofs_y = 0},
    {.bitmap_index = 14846, .adv_w = 647, .box_w = 36, .box_h = 44, .ofs_x = 2, .ofs_y = 0},
    {.bitmap_index = 15044, .adv_w = 647, .box_w = 36, .box_h = 43, .ofs_x = 2, .ofs_y = 0},
    {.bitmap_index = 15238, .adv_w = 453, .box_w = 19, .box_h = 20, .ofs_x = 5, .ofs_y = 7},
    {.bitmap_index = 15286, .adv_w = 647, .box_w = 36, .box_h = 41, .ofs_x = 2, .ofs_y = -3},
    {.bitmap_index = 15471, .adv_w = 606, .box_w = 29, .box_h = 44, .ofs_x = 4, .ofs_y = 0},
    {.bitmap_index = 15631, .adv_w = 606, .box_w = 29, .box_h = 44, .ofs_x = 4, .ofs_y = 0},
    {.bitmap_index = 15791, .adv_w = 606, .box_w = 29, .box_h = 44, .ofs_x = 4, .ofs_y = 0},
    {.bitmap_index = 15951, .adv_w = 606, .box_w = 29, .box_h = 43, .ofs_x = 4, .ofs_y = 0},
    {.bitmap_index = 16107, .adv_w = 508, .box_w = 32, .box_h = 43, .ofs_x = 0, .ofs_y = 0},
    {.bitmap_index = 16279, .adv_w = 558, .box_w = 28, .box_h = 34, .ofs_x = 5, .ofs_y = 0},
    {.bitmap_index = 16398, .adv_w = 525, .box_w = 27, .box_h = 36, .ofs_x = 4, .ofs_y = 0},
    {.bitmap_index = 16520, .adv_w = 466, .box_w = 23, .box_h = 36, .ofs_x = 2, .ofs_y = 0},
    {.bitmap_index = 16624, .adv_w = 466, .box_w = 23, .box_h = 36, .ofs_x = 2, .ofs_y = 0},
    {.bitmap_index = 16728, .adv_w = 466, .box_w = 23, .box_h = 36, .ofs_x = 2, .ofs_y = 0},
    {.bitmap_index = 16832, .adv_w = 466, .box_w = 23, .box_h = 36, .ofs_x = 2, .ofs_y = 0},
    {.bitmap_index = 16936, .adv_w = 466, .box_w = 23, .box_h = 36, .ofs_x = 2, .ofs_y = 0},
    {.bitmap_index = 17040, .adv_w = 466, .box_w = 23, .box_h = 40, .ofs_x = 2, .ofs_y = 0},
    {.bitmap_index = 17155, .adv_w = 763, .box_w = 44, .box_h = 26, .ofs_x = 2, .ofs_y = 0},
    {.bitmap_index = 17298, .adv_w = 446, .box_w = 25, .box_h = 37, .ofs_x = 2, .ofs_y = -11},
    {.bitmap_index = 17414, .adv_w = 478, .box_w = 26, .box_h = 36, .ofs_x = 2, .ofs_y = 0},
    {.bitmap_index = 17531, .adv_w = 478, .box_w = 26, .box_h = 36, .ofs_x = 2, .ofs_y = 0},
    {.bitmap_index = 17648, .adv_w = 478, .box_w = 26, .box_h = 36, .ofs_x = 2, .ofs_y = 0},
    {.bitmap_index = 17765, .adv_w = 478, .box_w = 26, .box_h = 36, .ofs_x = 2, .ofs_y = 0},
    {.bitmap_index = 17882, .adv_w = 222, .box_w = 13, .box_h = 36, .ofs_x = -2, .ofs_y = 0},
    {.bitmap_index = 17941, .adv_w = 222, .box_w = 14, .box_h = 36, .ofs_x = 3, .ofs_y = 0},
    {.bitmap_index = 18004, .adv_w = 222, .box_w = 16, .box_h = 36, .ofs_x = -1, .ofs_y = 0},
    {.bitmap_index = 18076, .adv_w = 222, .box_w = 13, .box_h = 35, .ofs_x = 1, .ofs_y = 0},
    {.bitmap_index = 18133, .adv_w = 465, .box_w = 25, .box_h = 37, .ofs_x = 2, .ofs_y = 0},
    {.bitmap_index = 18249, .adv_w = 526, .box_w = 25, .box_h = 36, .ofs_x = 4, .ofs_y = 0},
    {.bitmap_index = 18362, .adv_w = 495, .box_w = 27, .box_h = 36, .ofs_x = 2, .ofs_y = 0},
    {.bitmap_index = 18484, .adv_w = 495, .box_w = 27, .box_h = 36, .ofs_x = 2, .ofs_y = 0},
    {.bitmap_index = 18606, .adv_w = 495, .box_w = 27, .box_h = 36, .ofs_x = 2, .ofs_y = 0},
    {.bitmap_index = 18728, .adv_w = 495, .box_w = 27, .box_h = 36, .ofs_x = 2, .ofs_y = 0},
    {.bitmap_index = 18850, .adv_w = 495, .box_w = 27, .box_h = 36, .ofs_x = 2, .ofs_y = 0},
    {.bitmap_index = 18972, .adv_w = 453, .box_w = 22, .box_h = 26, .ofs_x = 3, .ofs_y = 4},
    {.bitmap_index = 19044, .adv_w = 495, .box_w = 27, .box_h = 33, .ofs_x = 2, .ofs_y = -4},
    {.bitmap_index = 19156, .adv_w = 523, .box_w = 25, .box_h = 36, .ofs_x = 4, .ofs_y = 0},
    {.bitmap_index = 19269, .adv_w = 523, .box_w = 25, .box_h = 36, .ofs_x = 4, .ofs_y = 0},
    {.bitmap_index = 19382, .adv_w = 523, .box_w = 25, .box_h = 36, .ofs_x = 4, .ofs_y = 0},
    {.bitmap_index = 19495, .adv_w = 523, .box_w = 25, .box_h = 36, .ofs_x = 4, .ofs_y = 0},
    {.bitmap_index = 19608, .adv_w = 444, .box_w = 29, .box_h = 46, .ofs_x = -1, .ofs_y = -9},
    {.bitmap_index = 19775, .adv_w = 527, .box_w = 27, .box_h = 45, .ofs_x = 4, .ofs_y = -9},
    {.bitmap_index = 19927, .adv_w = 444, .box_w = 29, .box_h = 45, .ofs_x = -1, .ofs_y = -9}
};

/*---------------------
 *  CHARACTER MAPPING
 *--------------------*/



/*Collect the unicode lists and glyph_id offsets*/
static const lv_font_fmt_txt_cmap_t cmaps[] =
{
    {
        .range_start = 32, .range_length = 95, .glyph_id_start = 1,
        .unicode_list = NULL, .glyph_id_ofs_list = NULL, .list_length = 0, .type = LV_FONT_FMT_TXT_CMAP_FORMAT0_TINY
    },
    {
        .range_start = 160, .range_length = 13, .glyph_id_start = 96,
        .unicode_list = NULL, .glyph_id_ofs_list = NULL, .list_length = 0, .type = LV_FONT_FMT_TXT_CMAP_FORMAT0_TINY
    },
    {
        .range_start = 174, .range_length = 82, .glyph_id_start = 109,
        .unicode_list = NULL, .glyph_id_ofs_list = NULL, .list_length = 0, .type = LV_FONT_FMT_TXT_CMAP_FORMAT0_TINY
    }
};



/*--------------------
 *  ALL CUSTOM DATA
 *--------------------*/

#if LVGL_VERSION_MAJOR == 8
/*Store all the custom data of the font*/
static  lv_font_fmt_txt_glyph_cache_t cache;
#endif

#if LVGL_VERSION_MAJOR >= 8
static const lv_font_fmt_txt_dsc_t font_dsc = {
#else
static lv_font_fmt_txt_dsc_t font_dsc = {
#endif
    .glyph_bitmap = glyph_bitmap,
    .glyph_dsc = glyph_dsc,
    .cmaps = cmaps,
    .kern_dsc = NULL,
    .kern_scale = 0,
    .cmap_num = 3,
    .bpp = 1,
    .kern_classes = 0,
    .bitmap_format = 0,
#if LVGL_VERSION_MAJOR == 8
    .cache = &cache
#endif
};



/*-----------------
 *  PUBLIC FONT
 *----------------*/

/*Initialize a public general font descriptor*/
#if LVGL_VERSION_MAJOR >= 8
const lv_font_t lv_font_hs_semibold_48 = {
#else
lv_font_t lv_font_hs_semibold_48 = {
#endif
    .get_glyph_dsc = lv_font_get_glyph_dsc_fmt_txt,    /*Function pointer to get glyph's data*/
    .get_glyph_bitmap = lv_font_get_bitmap_fmt_txt,    /*Function pointer to get glyph's bitmap*/
    .line_height = 58,          /*The maximum line height required by the font*/
    .base_line = 11,             /*Baseline measured from the bottom of the line*/
#if !(LVGL_VERSION_MAJOR == 6 && LVGL_VERSION_MINOR == 0)
    .subpx = LV_FONT_SUBPX_NONE,
#endif
#if LV_VERSION_CHECK(7, 4, 0) || LVGL_VERSION_MAJOR >= 8
    .underline_position = -5,
    .underline_thickness = 2,
#endif
    .dsc = &font_dsc,          /*The custom font data. Will be accessed by `get_glyph_bitmap/dsc` */
#if LV_VERSION_CHECK(8, 2, 0) || LVGL_VERSION_MAJOR >= 9
    .fallback = NULL,
#endif
    .user_data = NULL,
};



#endif /*#if LV_FONT_HS_SEMIBOLD_48*/

